family,tf,p_L,p_z_in,p_k_stop,p_sides,p_regime,trades,mean_r,pf_r,gross_mean_r,long_n,long_mean_r,short_n,short_mean_r,halted,p_n,p_k_trail,p_dir,p_mode,p_signal,p_D,p_oi_min,p_W
tsmom,4h,3.0,1.0,2.0,both,none,605,0.1709964014317263,1.3836470162882137,0.19557600483796742,303.0,0.3755418436338691,302.0,-0.03422634355916526,False,,,,,,,,
tsmom,4h,3.0,1.0,2.0,both,btc,429,0.13713469006814044,1.2806992163791409,0.16595989373765024,219.0,0.3782383875653002,210.0,-0.11430202303604038,False,,,,,,,,
tsmom,4h,3.0,1.0,2.0,both,fg,547,0.19664655584999002,1.4362571517807583,0.22031572373896777,287.0,0.3787226459982744,260.0,-0.004337435967539315,False,,,,,,,,
tsmom,4h,3.0,1.0,2.0,long,none,340,0.28388961691295417,1.5593445312736507,0.318371552535237,340.0,0.28388961691295417,0.0,,False,,,,,,,,
tsmom,4h,3.0,1.0,2.0,long,btc,225,0.36396164290332383,1.6989101802230457,0.40461341510443377,225.0,0.36396164290332383,0.0,,False,,,,,,,,
tsmom,4h,3.0,1.0,2.0,long,fg,307,0.29605709419164383,1.5634304182012497,0.3297792986871792,307.0,0.29605709419164383,0.0,,False,,,,,,,,
tsmom,4h,3.0,1.0,3.0,both,none,482,0.1532602648749419,1.4377923458681836,0.17260880619207436,250.0,0.27324259076011903,232.0,0.023968965429708028,False,,,,,,,,
tsmom,4h,3.0,1.0,3.0,both,btc,330,0.0736094731024407,1.2004299003357424,0.09555469491432463,168.0,0.20992266393811057,162.0,-0.0677523544308466,False,,,,,,,,
tsmom,4h,3.0,1.0,3.0,both,fg,431,0.2213793344388769,1.6637970569036162,0.2399565574892064,236.0,0.34932914263573567,195.0,0.06652725887755039,False,,,,,,,,
tsmom,4h,3.0,1.0,3.0,long,none,256,0.1885437172038256,1.4514219480674093,0.21529222408577603,256.0,0.1885437172038256,0.0,,False,,,,,,,,
tsmom,4h,3.0,1.0,3.0,long,btc,176,0.17678239877129906,1.4306439828830413,0.20646943963522368,176.0,0.17678239877129906,0.0,,False,,,,,,,,
tsmom,4h,3.0,1.0,3.0,long,fg,242,0.21916811021930055,1.530271692734817,0.24497621977502215,242.0,0.21916811021930055,0.0,,False,,,,,,,,
tsmom,4h,3.0,2.0,2.0,both,none,233,0.17462250797544282,1.3294652560211055,0.20278865286590309,136.0,0.4303768633147994,97.0,-0.18396091806736659,False,,,,,,,,
tsmom,4h,3.0,2.0,2.0,both,btc,175,0.19948384677217418,1.3739696951968727,0.231244895019723,105.0,0.4342954010227884,70.0,-0.15273348460374722,False,,,,,,,,
tsmom,4h,3.0,2.0,2.0,both,fg,202,0.13882146805811932,1.2792111266825072,0.16572143989704502,121.0,0.32867592149783165,81.0,-0.14478827103083364,False,,,,,,,,
tsmom,4h,3.0,2.0,2.0,long,none,137,0.4130608796475517,1.7252455161242213,0.4509428933813938,137.0,0.4130608796475517,0.0,,False,,,,,,,,
tsmom,4h,3.0,2.0,2.0,long,btc,104,0.44276758948493666,1.7341246574741076,0.4866730241998686,104.0,0.44276758948493666,0.0,,False,,,,,,,,
tsmom,4h,3.0,2.0,2.0,long,fg,122,0.31734212663190636,1.5883858786746017,0.35440016533800694,122.0,0.31734212663190636,0.0,,False,,,,,,,,
tsmom,4h,3.0,2.0,3.0,both,none,136,0.20309902810663766,1.522186850459009,0.22819668611179464,84.0,0.41769777827536586,52.0,-0.14356049139669236,False,,,,,,,,
tsmom,4h,3.0,2.0,3.0,both,btc,103,0.35545414865769775,1.8748574640399318,0.38582491297978694,69.0,0.5956702009207437,34.0,-0.1320431338761309,False,,,,,,,,
tsmom,4h,3.0,2.0,3.0,both,fg,126,0.24180763856172524,1.6244731885874164,0.2672757587567866,82.0,0.4408193694581939,44.0,-0.12907785992714818,False,,,,,,,,
tsmom,4h,3.0,2.0,3.0,long,none,86,0.5831767973048577,2.370042582414884,0.6179835258900772,86.0,0.5831767973048577,0.0,,False,,,,,,,,
tsmom,4h,3.0,2.0,3.0,long,btc,68,0.6191964209554706,2.4520778072453466,0.6582039183223211,68.0,0.6191964209554706,0.0,,False,,,,,,,,
tsmom,4h,3.0,2.0,3.0,long,fg,84,0.6096878510554635,2.440755877492799,0.6449021191594799,84.0,0.6096878510554635,0.0,,False,,,,,,,,
tsmom,4h,7.0,1.0,2.0,both,none,346,0.19478414246542697,1.3217166133180587,0.2278967148258737,167.0,0.4177970100024215,179.0,-0.013278141772997933,False,,,,,,,,
tsmom,4h,7.0,1.0,2.0,both,btc,261,0.44576431926526217,1.7234818470822457,0.4957838969111113,132.0,1.0018973453613067,129.0,-0.1233020330190624,False,,,,,,,,
tsmom,4h,7.0,1.0,2.0,both,fg,309,0.3039571671386979,1.532539593035301,0.3346338356037039,155.0,0.5930367541487899,154.0,0.013000439953215866,False,,,,,,,,
tsmom,4h,7.0,1.0,2.0,long,none,178,0.8321908981209651,2.408147487604711,0.8997488737704298,178.0,0.8321908981209651,0.0,,False,,,,,,,,
tsmom,4h,7.0,1.0,2.0,long,btc,134,0.9236204610951495,2.364439478229723,1.0062908645887791,134.0,0.9236204610951495,0.0,,False,,,,,,,,
tsmom,4h,7.0,1.0,2.0,long,fg,161,0.7999193821193012,2.4229051213095976,0.8684436116938341,161.0,0.7999193821193012,0.0,,False,,,,,,,,
tsmom,4h,7.0,1.0,3.0,both,none,269,0.3468595614029281,1.7581849253249011,0.37588576892190595,128.0,0.7088608316394797,141.0,0.018234294805207694,False,,,,,,,,
tsmom,4h,7.0,1.0,3.0,both,btc,211,0.21759048157605837,1.4200160416688405,0.25298738757048117,106.0,0.6277268379237773,105.0,-0.1964519353083056,False,,,,,,,,
tsmom,4h,7.0,1.0,3.0,both,fg,242,0.43630910577544696,2.004846403369467,0.4660600696250444,122.0,0.7961483261425829,120.0,0.07047256506885885,False,,,,,,,,
tsmom,4h,7.0,1.0,3.0,long,none,134,0.6840356089107273,2.5036114424764073,0.736492246623543,134.0,0.6840356089107273,0.0,,False,,,,,,,,
tsmom,4h,7.0,1.0,3.0,long,btc,105,0.6752932827298366,2.1962705790614003,0.7377522628934063,105.0,0.6752932827298366,0.0,,False,,,,,,,,
tsmom,4h,7.0,1.0,3.0,long,fg,125,0.7994845900066397,2.8968286757754464,0.8531829513601066,125.0,0.7994845900066397,0.0,,False,,,,,,,,
tsmom,4h,7.0,2.0,2.0,both,none,117,0.23441395832860404,1.3523580615767001,0.2708068777189698,59.0,0.6977838830470177,58.0,-0.23694510302288568,False,,,,,,,,
tsmom,4h,7.0,2.0,2.0,both,btc,104,0.23772596027860507,1.3461367778066902,0.2758911746422173,54.0,0.5600272695541368,50.0,-0.11035945373896947,False,,,,,,,,
tsmom,4h,7.0,2.0,2.0,both,fg,93,-0.07107624408772967,0.8925856744309948,-0.042598980681379205,47.0,0.2343537814585982,46.0,-0.38314605279810804,False,,,,,,,,
tsmom,4h,7.0,2.0,2.0,long,none,59,0.6977838830470173,2.006453886189482,0.7592512217726497,59.0,0.6977838830470173,0.0,,False,,,,,,,,
tsmom,4h,7.0,2.0,2.0,long,btc,53,0.5896452759014965,1.8031445998099396,0.6538598581659489,53.0,0.5896452759014965,0.0,,False,,,,,,,,
tsmom,4h,7.0,2.0,2.0,long,fg,47,0.2343537814585981,1.339856349104638,0.2801616613362678,47.0,0.2343537814585981,0.0,,False,,,,,,,,
tsmom,4h,7.0,2.0,3.0,both,none,68,0.39324877243019263,1.9255663830928835,0.43510637897445464,39.0,0.7877950033241172,29.0,-0.13734788290991262,False,,,,,,,,
tsmom,4h,7.0,2.0,3.0,both,btc,57,0.4550728124907527,2.0434822219843474,0.5016448907062321,36.0,0.7730538029880465,21.0,-0.0900374569331796,False,,,,,,,,
tsmom,4h,7.0,2.0,3.0,both,fg,60,0.03291963072836921,1.071882752445133,0.0717988527748238,37.0,0.24623220994691772,23.0,-0.31023538801451317,False,,,,,,,,
tsmom,4h,7.0,2.0,3.0,long,none,39,0.7690791732934056,2.6856634884527892,0.8361913910770148,39.0,0.7690791732934056,0.0,,False,,,,,,,,
tsmom,4h,7.0,2.0,3.0,long,btc,36,0.7527783204547756,2.620810195886805,0.8220385063400213,36.0,0.7527783204547756,0.0,,False,,,,,,,,
tsmom,4h,7.0,2.0,3.0,long,fg,37,0.22650471342805953,1.4801733030652573,0.28467201249488866,37.0,0.22650471342805953,0.0,,False,,,,,,,,
tsmom,4h,21.0,1.0,2.0,both,none,160,0.27829980167305607,1.3572355497622903,0.35008082659714346,72.0,0.8752281441858335,88.0,-0.21009611492830738,False,,,,,,,,
tsmom,4h,21.0,1.0,2.0,both,btc,129,0.07287686080211835,1.0941267671646644,0.13219287658295722,65.0,0.1992892783356011,64.0,-0.055510750755325064,False,,,,,,,,
tsmom,4h,21.0,1.0,2.0,both,fg,146,0.34805680489382834,1.4429672032472218,0.42064352454266624,67.0,1.0114898208682614,79.0,-0.21460157574271618,False,,,,,,,,
tsmom,4h,21.0,1.0,2.0,long,none,78,0.07273441198838025,1.08697132045158,0.17044290461731387,78.0,0.07273441198838025,0.0,,False,,,,,,,,
tsmom,4h,21.0,1.0,2.0,long,btc,68,0.1465581119057233,1.1689414362353114,0.2549256024926866,68.0,0.1465581119057233,0.0,,False,,,,,,,,
tsmom,4h,21.0,1.0,2.0,long,fg,70,-0.2158241292779603,0.7388480711356722,-0.129117647967547,70.0,-0.2158241292779603,0.0,,False,,,,,,,,
tsmom,4h,21.0,1.0,3.0,both,none,150,0.18683297434733515,1.2574308457510106,0.2390479755904563,60.0,0.8176116541313276,90.0,-0.23368614550865982,False,,,,,,,,
tsmom,4h,21.0,1.0,3.0,both,btc,113,0.3135226115354514,1.4702610352569943,0.37848646959488086,57.0,0.45982019458785883,56.0,0.16461257164282259,False,,,,,,,,
tsmom,4h,21.0,1.0,3.0,both,fg,138,0.056443984704222176,1.078703185333125,0.10040184296750403,59.0,0.27952356621261093,79.0,-0.11015975338432146,False,,,,,,,,
tsmom,4h,21.0,1.0,3.0,long,none,61,0.3892063462276797,1.514829362132769,0.5000445543322137,61.0,0.3892063462276797,0.0,,False,,,,,,,,
tsmom,4h,21.0,1.0,3.0,long,btc,57,0.42657135838640853,1.5345769761392671,0.5437340281273471,57.0,0.42657135838640853,0.0,,False,,,,,,,,
tsmom,4h,21.0,1.0,3.0,long,fg,57,-0.06529732535016212,0.9155981606957679,0.024261693679083828,57.0,-0.06529732535016212,0.0,,False,,,,,,,,
tsmom,4h,21.0,2.0,2.0,both,none,42,0.1255323387398044,1.151514312417694,0.21884781007965945,26.0,0.5503563993599273,16.0,-0.5648067597678953,False,,,,,,,,
tsmom,4h,21.0,2.0,2.0,both,btc,39,0.21574401751773367,1.2657944935579817,0.3154087251438769,24.0,0.6834942046201403,15.0,-0.5326562818461171,False,,,,,,,,
tsmom,4h,21.0,2.0,2.0,both,fg,34,0.13015878210594423,1.149793819845734,0.23921601009337376,24.0,0.48802981168156556,10.0,-0.728731688875547,False,,,,,,,,
tsmom,4h,21.0,2.0,2.0,long,none,26,0.5499267467102672,1.6516230023288858,0.694984968858514,26.0,0.5499267467102672,0.0,,False,,,,,,,,
tsmom,4h,21.0,2.0,2.0,long,btc,24,0.6830287475830085,1.8259244455898782,0.8386924559392498,24.0,0.6830287475830085,0.0,,False,,,,,,,,
tsmom,4h,21.0,2.0,2.0,long,fg,24,0.4871255043550828,1.5567574365233194,0.6377786849128377,24.0,0.4871255043550828,0.0,,False,,,,,,,,
tsmom,4h,21.0,2.0,3.0,both,none,19,0.08191614025900668,1.145554250151558,0.16594693625816823,14.0,-0.041868560112938144,5.0,0.4285133013004521,False,,,,,,,,
tsmom,4h,21.0,2.0,3.0,both,btc,19,0.08191614025900668,1.145554250151558,0.16594693625816823,14.0,-0.041868560112938144,5.0,0.4285133013004521,False,,,,,,,,
tsmom,4h,21.0,2.0,3.0,both,fg,17,-0.12870111946115384,0.8142446117084687,-0.03627367731085721,14.0,-0.18673506618772748,3.0,0.1421239652628563,False,,,,,,,,
tsmom,4h,21.0,2.0,3.0,long,none,14,-0.041868560112938144,0.9391945260991917,0.07824211175269043,14.0,-0.041868560112938144,0.0,,False,,,,,,,,
tsmom,4h,21.0,2.0,3.0,long,btc,14,-0.041868560112938144,0.9391945260991917,0.07824211175269043,14.0,-0.041868560112938144,0.0,,False,,,,,,,,
tsmom,4h,21.0,2.0,3.0,long,fg,14,-0.18673506618772748,0.7562534632032962,-0.06904025584303466,14.0,-0.18673506618772748,0.0,,False,,,,,,,,
tsmom,1d,3.0,1.0,2.0,both,none,33,0.8447772632891914,4.991625735453053,0.8838081608991357,22.0,1.2304582225604184,11.0,0.07341534474673699,False,,,,,,,,
tsmom,1d,3.0,1.0,2.0,both,btc,22,1.1005725116796232,5.057375966500725,1.1519398738452662,17.0,1.4514145673940073,5.0,-0.09229047774928195,False,,,,,,,,
tsmom,1d,3.0,1.0,2.0,both,fg,31,0.9705878116016993,7.303229267724951,1.0107130848633197,20.0,1.4640326683719285,11.0,0.073415344746737,False,,,,,,,,
tsmom,1d,3.0,1.0,2.0,long,none,22,1.260039544328521,5.8798100367130255,1.3152769755618712,22.0,1.260039544328521,0.0,,False,,,,,,,,
tsmom,1d,3.0,1.0,2.0,long,btc,17,1.4514145673940073,5.760844620956083,1.5162133590593425,17.0,1.4514145673940073,0.0,,False,,,,,,,,
tsmom,1d,3.0,1.0,2.0,long,fg,20,1.4965721223168411,9.625391123109427,1.5551264891726295,20.0,1.4965721223168411,0.0,,False,,,,,,,,
tsmom,1d,3.0,1.0,3.0,both,none,0,,,,,,,,,,,,,,,,
tsmom,1d,3.0,1.0,3.0,both,btc,0,,,,,,,,,,,,,,,,
tsmom,1d,3.0,1.0,3.0,both,fg,0,,,,,,,,,,,,,,,,
tsmom,1d,3.0,1.0,3.0,long,none,0,,,,,,,,,,,,,,,,
tsmom,1d,3.0,1.0,3.0,long,btc,0,,,,,,,,,,,,,,,,
tsmom,1d,3.0,1.0,3.0,long,fg,0,,,,,,,,,,,,,,,,
tsmom,1d,3.0,2.0,2.0,both,none,10,2.2532388590334453,11.400893566745303,2.3292587980981176,9.0,2.501081769061111,1.0,0.022652668784453413,False,,,,,,,,
tsmom,1d,3.0,2.0,2.0,both,btc,8,2.8692848427773097,20.85208412539506,2.9596624341638513,7.0,3.2759465819191464,1.0,0.022652668784453413,False,,,,,,,,
tsmom,1d,3.0,2.0,2.0,both,fg,8,2.080361051637706,10.077019495289086,2.123114287249779,7.0,2.374319392045314,1.0,0.02265266878445341,False,,,,,,,,
tsmom,1d,3.0,2.0,2.0,long,none,9,2.501081769061111,11.390437152145259,2.5843359357637024,9.0,2.501081769061111,0.0,,False,,,,,,,,
tsmom,1d,3.0,2.0,2.0,long,btc,7,3.2759465819191464,20.832492889642293,3.3776764163147064,7.0,3.2759465819191464,0.0,,False,,,,,,,,
tsmom,1d,3.0,2.0,2.0,long,fg,7,2.374319392045314,10.064664745856595,2.421621391270052,7.0,2.374319392045314,0.0,,False,,,,,,,,
tsmom,1d,3.0,2.0,3.0,both,none,0,,,,,,,,,,,,,,,,
tsmom,1d,3.0,2.0,3.0,both,btc,0,,,,,,,,,,,,,,,,
tsmom,1d,3.0,2.0,3.0,both,fg,0,,,,,,,,,,,,,,,,
tsmom,1d,3.0,2.0,3.0,long,none,0,,,,,,,,,,,,,,,,
tsmom,1d,3.0,2.0,3.0,long,btc,0,,,,,,,,,,,,,,,,
tsmom,1d,3.0,2.0,3.0,long,fg,0,,,,,,,,,,,,,,,,
tsmom,1d,7.0,1.0,2.0,both,none,25,2.173883751484887,10.258999193060786,2.2837230028603748,17.0,3.2488296382271473,8.0,-0.11037625784241717,False,,,,,,,,
tsmom,1d,7.0,1.0,2.0,both,btc,17,3.012165104221095,14.053703551726203,3.167607418929734,14.0,3.7118997688002002,3.0,-0.2532633304813947,False,,,,,,,,
tsmom,1d,7.0,1.0,2.0,both,fg,23,0.3709504244689867,2.453554866583656,0.41813104836139103,15.0,0.627657988368402,8.0,-0.11037625784241707,False,,,,,,,,
tsmom,1d,7.0,1.0,2.0,long,none,17,3.2488296382271473,17.212114672376924,3.409112451375999,17.0,3.2488296382271473,0.0,,False,,,,,,,,
tsmom,1d,7.0,1.0,2.0,long,btc,14,3.7118997688002007,17.42957998131084,3.8999726251376194,14.0,3.7118997688002007,0.0,,False,,,,,,,,
tsmom,1d,7.0,1.0,2.0,long,fg,15,0.627657988368402,3.7636187259733367,0.6985900476129745,15.0,0.627657988368402,0.0,,False,,,,,,,,
tsmom,1d,7.0,1.0,3.0,both,none,0,,,,,,,,,,,,,,,,
tsmom,1d,7.0,1.0,3.0,both,btc,0,,,,,,,,,,,,,,,,
tsmom,1d,7.0,1.0,3.0,both,fg,0,,,,,,,,,,,,,,,,
tsmom,1d,7.0,1.0,3.0,long,none,0,,,,,,,,,,,,,,,,
tsmom,1d,7.0,1.0,3.0,long,btc,0,,,,,,,,,,,,,,,,
tsmom,1d,7.0,1.0,3.0,long,fg,0,,,,,,,,,,,,,,,,
tsmom,1d,7.0,2.0,2.0,both,none,3,10.316780672505534,25.24309120796943,10.672823106617466,3.0,10.316780672505534,0.0,,False,,,,,,,,
tsmom,1d,7.0,2.0,2.0,both,btc,3,10.316780672505534,25.24309120796943,10.672823106617466,3.0,10.316780672505534,0.0,,False,,,,,,,,
tsmom,1d,7.0,2.0,2.0,both,fg,2,-0.6383332420772788,0.0,-0.6063510530539384,2.0,-0.6383332420772788,0.0,,False,,,,,,,,
tsmom,1d,7.0,2.0,2.0,long,none,3,10.316780672505534,25.24309120796943,10.672823106617466,3.0,10.316780672505534,0.0,,False,,,,,,,,
tsmom,1d,7.0,2.0,2.0,long,btc,3,10.316780672505534,25.24309120796943,10.672823106617466,3.0,10.316780672505534,0.0,,False,,,,,,,,
tsmom,1d,7.0,2.0,2.0,long,fg,2,-0.6383332420772788,0.0,-0.6063510530539384,2.0,-0.6383332420772788,0.0,,False,,,,,,,,
tsmom,1d,7.0,2.0,3.0,both,none,0,,,,,,,,,,,,,,,,
tsmom,1d,7.0,2.0,3.0,both,btc,0,,,,,,,,,,,,,,,,
tsmom,1d,7.0,2.0,3.0,both,fg,0,,,,,,,,,,,,,,,,
tsmom,1d,7.0,2.0,3.0,long,none,0,,,,,,,,,,,,,,,,
tsmom,1d,7.0,2.0,3.0,long,btc,0,,,,,,,,,,,,,,,,
tsmom,1d,7.0,2.0,3.0,long,fg,0,,,,,,,,,,,,,,,,
tsmom,1d,21.0,1.0,2.0,both,none,14,2.278385935122089,5.232762580491502,2.4345976571246353,8.0,4.191188226935371,6.0,-0.27201712062895234,False,,,,,,,,
tsmom,1d,21.0,1.0,2.0,both,btc,11,2.8392411315574777,5.779547851309699,3.042712688524776,8.0,4.191188226935371,3.0,-0.7659511227835708,False,,,,,,,,
tsmom,1d,21.0,1.0,2.0,both,fg,14,0.5914000121638161,1.9548179081154933,0.7058530491927184,8.0,1.2389628617583925,6.0,-0.2720171206289522,False,,,,,,,,
tsmom,1d,21.0,1.0,2.0,long,none,8,4.19118822693537,8.914279956841973,4.468604824446846,8.0,4.19118822693537,0.0,,False,,,,,,,,
tsmom,1d,21.0,1.0,2.0,long,btc,8,4.19118822693537,8.914279956841973,4.468604824446846,8.0,4.19118822693537,0.0,,False,,,,,,,,
tsmom,1d,21.0,1.0,2.0,long,fg,8,1.2389628617583925,2.845019677704707,1.4433017605659917,8.0,1.2389628617583925,0.0,,False,,,,,,,,
tsmom,1d,21.0,1.0,3.0,both,none,0,,,,,,,,,,,,,,,,
tsmom,1d,21.0,1.0,3.0,both,btc,0,,,,,,,,,,,,,,,,
tsmom,1d,21.0,1.0,3.0,both,fg,0,,,,,,,,,,,,,,,,
tsmom,1d,21.0,1.0,3.0,long,none,0,,,,,,,,,,,,,,,,
tsmom,1d,21.0,1.0,3.0,long,btc,0,,,,,,,,,,,,,,,,
tsmom,1d,21.0,1.0,3.0,long,fg,0,,,,,,,,,,,,,,,,
tsmom,1d,21.0,2.0,2.0,both,none,0,,,,,,,,,,,,,,,,
tsmom,1d,21.0,2.0,2.0,both,btc,0,,,,,,,,,,,,,,,,
tsmom,1d,21.0,2.0,2.0,both,fg,0,,,,,,,,,,,,,,,,
tsmom,1d,21.0,2.0,2.0,long,none,0,,,,,,,,,,,,,,,,
tsmom,1d,21.0,2.0,2.0,long,btc,0,,,,,,,,,,,,,,,,
tsmom,1d,21.0,2.0,2.0,long,fg,0,,,,,,,,,,,,,,,,
tsmom,1d,21.0,2.0,3.0,both,none,0,,,,,,,,,,,,,,,,
tsmom,1d,21.0,2.0,3.0,both,btc,0,,,,,,,,,,,,,,,,
tsmom,1d,21.0,2.0,3.0,both,fg,0,,,,,,,,,,,,,,,,
tsmom,1d,21.0,2.0,3.0,long,none,0,,,,,,,,,,,,,,,,
tsmom,1d,21.0,2.0,3.0,long,btc,0,,,,,,,,,,,,,,,,
tsmom,1d,21.0,2.0,3.0,long,fg,0,,,,,,,,,,,,,,,,
breakout,4h,,,2.0,both,none,821,0.042710021070351566,1.0939644354476183,0.06660335373729163,443.0,0.06221024549750041,378.0,0.01985658344805811,False,20.0,3.0,,,,,,
breakout,4h,,,2.0,both,btc,580,0.0042125470014917205,1.0092628332814328,0.03232996159041651,335.0,0.013041567257443865,245.0,-0.007859786817871379,False,20.0,3.0,,,,,,
breakout,4h,,,2.0,both,fg,724,0.07429918478824592,1.1659649003164974,0.09626021883859535,402.0,0.04680530656027541,322.0,0.10862384021571227,False,20.0,3.0,,,,,,
breakout,4h,,,2.0,long,none,492,0.04518458105280011,1.0897406280459576,0.07821255813810177,492.0,0.04518458105280011,0.0,,False,20.0,3.0,,,,,,
breakout,4h,,,2.0,long,btc,341,0.04851201535750247,1.1009648700769417,0.08527849906886029,341.0,0.04851201535750247,0.0,,False,20.0,3.0,,,,,,
breakout,4h,,,2.0,long,fg,434,0.08373609333212362,1.1687374203919136,0.11501234183474618,434.0,0.08373609333212362,0.0,,False,20.0,3.0,,,,,,
breakout,4h,,,2.0,both,none,582,0.10682139960815781,1.208650854906998,0.13223830397075054,307.0,0.1991701372330548,275.0,0.0037266270596364717,False,20.0,5.0,,,,,,
breakout,4h,,,2.0,both,btc,418,0.11016767342519036,1.207122273960965,0.14259618677048413,229.0,0.310694553426504,189.0,-0.1327987578991526,False,20.0,5.0,,,,,,
breakout,4h,,,2.0,both,fg,526,0.13644724511042153,1.2650844300011506,0.15955190232234528,287.0,0.1934758256025831,239.0,0.06796522585832795,False,20.0,5.0,,,,,,
breakout,4h,,,2.0,long,none,352,0.18277605276761832,1.315933090912603,0.2214931795467125,352.0,0.18277605276761832,0.0,,False,20.0,5.0,,,,,,
breakout,4h,,,2.0,long,btc,242,0.282324356528967,1.5080218103600278,0.3276923884137112,242.0,0.282324356528967,0.0,,False,20.0,5.0,,,,,,
breakout,4h,,,2.0,long,fg,326,0.17222742814402828,1.295904216399805,0.20818184423785557,326.0,0.17222742814402828,0.0,,False,20.0,5.0,,,,,,
breakout,4h,,,3.0,both,none,708,0.030052898430606084,1.0858642149157993,0.047675226463797855,378.0,0.04162094055415691,330.0,0.016802231998175113,False,20.0,3.0,,,,,,
breakout,4h,,,3.0,both,btc,503,-0.022296531065947544,0.9367088166687244,-0.0019825797726353038,278.0,0.006419544873194655,225.0,-0.05777683822630989,False,20.0,3.0,,,,,,
breakout,4h,,,3.0,both,fg,644,0.0708790296281425,1.2127452774302325,0.08802672412287099,360.0,0.056541192562795294,284.0,0.08905375266872344,False,20.0,3.0,,,,,,
breakout,4h,,,3.0,long,none,414,0.02891369634515587,1.075421559915223,0.05318760948125905,414.0,0.02891369634515587,0.0,,False,20.0,3.0,,,,,,
breakout,4h,,,3.0,long,btc,290,0.05562133413974071,1.1577665709678202,0.08217718619487044,290.0,0.05562133413974071,0.0,,False,20.0,3.0,,,,,,
breakout,4h,,,3.0,long,fg,386,0.028447711770469584,1.0752378297250913,0.05217333358111622,386.0,0.028447711770469584,0.0,,False,20.0,3.0,,,,,,
breakout,4h,,,3.0,both,none,514,0.07180054189084807,1.1779469959941482,0.09095937610268265,275.0,0.11265769411211264,239.0,0.024789174272238215,False,20.0,5.0,,,,,,
breakout,4h,,,3.0,both,btc,381,0.04838358599921087,1.1135081214111617,0.07274519125176715,206.0,0.20595820950036514,175.0,-0.13710425652214792,False,20.0,5.0,,,,,,
breakout,4h,,,3.0,both,fg,466,0.12274866386174647,1.3170897271944113,0.1407863970462431,262.0,0.15727826390474614,204.0,0.07840182459083515,False,20.0,5.0,,,,,,
breakout,4h,,,3.0,long,none,315,0.12221401961602206,1.2584629153531046,0.15170873376652833,315.0,0.12221401961602206,0.0,,False,20.0,5.0,,,,,,
breakout,4h,,,3.0,long,btc,218,0.1714457527822449,1.3742948383896683,0.2055383585716302,218.0,0.1714457527822449,0.0,,False,20.0,5.0,,,,,,
breakout,4h,,,3.0,long,fg,295,0.14025506937032026,1.3063787700080263,0.1688433153058342,295.0,0.14025506937032026,0.0,,False,20.0,5.0,,,,,,
breakout,4h,,,2.0,both,none,551,0.14001386221578305,1.3024590341783093,0.16639679742579325,305.0,0.17350774212083658,246.0,0.09848689729285084,False,55.0,3.0,,,,,,
breakout,4h,,,2.0,both,btc,411,0.08905603684661408,1.1821743058923433,0.11868789997147934,233.0,0.21479246672606203,178.0,-0.07553153709670822,False,55.0,3.0,,,,,,
breakout,4h,,,2.0,both,fg,462,0.18830482272131047,1.413856537802403,0.21273028081212636,260.0,0.20028788782928472,202.0,0.17288107555263074,False,55.0,3.0,,,,,,
breakout,4h,,,2.0,long,none,320,0.19003739851090415,1.380146472374117,0.22523195166526358,320.0,0.19003739851090415,0.0,,False,55.0,3.0,,,,,,
breakout,4h,,,2.0,long,btc,241,0.17358631966419524,1.3474679518316786,0.21164287353589809,241.0,0.17358631966419524,0.0,,False,55.0,3.0,,,,,,
breakout,4h,,,2.0,long,fg,270,0.2315125709555833,1.4693551929266708,0.26449608079567166,270.0,0.2315125709555833,0.0,,False,55.0,3.0,,,,,,
breakout,4h,,,2.0,both,none,327,0.2375702702638433,1.397503390155666,0.27758854544276557,170.0,0.4433888903048883,157.0,0.014709344104749843,False,55.0,5.0,,,,,,
breakout,4h,,,2.0,both,btc,241,0.3122004753763196,1.4985611519682034,0.3609940452806202,123.0,0.7535881359222929,118.0,-0.14789005214194065,False,55.0,5.0,,,,,,
breakout,4h,,,2.0,both,fg,298,0.32647510774820776,1.5614034470224074,0.364925865305974,164.0,0.4879175586471646,134.0,0.12888882455843986,False,55.0,5.0,,,,,,
breakout,4h,,,2.0,long,none,188,0.4286071379198349,1.6433415472424098,0.49102376092528865,188.0,0.4286071379198349,0.0,,False,55.0,5.0,,,,,,
breakout,4h,,,2.0,long,btc,128,0.7570877627282883,2.1738414985716767,0.8369499708797382,128.0,0.7570877627282883,0.0,,False,55.0,5.0,,,,,,
breakout,4h,,,2.0,long,fg,177,0.535576952156922,1.8148143296853523,0.5990636446439066,177.0,0.535576952156922,0.0,,False,55.0,5.0,,,,,,
breakout,4h,,,3.0,both,none,460,0.06452371753895762,1.1825701885531703,0.08375399971744858,250.0,0.06703679439004591,210.0,0.06153195938290017,False,55.0,3.0,,,,,,
breakout,4h,,,3.0,both,btc,349,0.01305431691482523,1.0340374677341253,0.033902752168995125,196.0,0.08352499021948273,153.0,-0.07722183973689294,False,55.0,3.0,,,,,,
breakout,4h,,,3.0,both,fg,403,0.12113081831827556,1.357142374407589,0.13965621116950896,229.0,0.10605964942612348,174.0,0.14096586243495848,False,55.0,3.0,,,,,,
breakout,4h,,,3.0,long,none,258,0.07438138134036773,1.187289807961838,0.09950664989823901,258.0,0.07438138134036773,0.0,,False,55.0,3.0,,,,,,
breakout,4h,,,3.0,long,btc,198,0.08428905737517368,1.2202111651255878,0.11105842756854083,198.0,0.08428905737517368,0.0,,False,55.0,3.0,,,,,,
breakout,4h,,,3.0,long,fg,236,0.10459848704833202,1.2661369827934974,0.1289089861881463,236.0,0.10459848704833202,0.0,,False,55.0,3.0,,,,,,
breakout,4h,,,3.0,both,none,288,0.19889208676608444,1.3893286387834207,0.2318003252627324,143.0,0.4698885430680708,145.0,-0.06836648738001258,False,55.0,5.0,,,,,,
breakout,4h,,,3.0,both,btc,218,0.27785470103508236,1.510297823349741,0.31847265140510206,112.0,0.7530461863819037,106.0,-0.22423441555778537,False,55.0,5.0,,,,,,
breakout,4h,,,3.0,both,fg,257,0.30277107002045006,1.6231301136751712,0.33627295089073334,139.0,0.5325037123312671,118.0,0.03215380492550473,False,55.0,5.0,,,,,,
breakout,4h,,,3.0,long,none,154,0.5272094406379025,1.9071480567995376,0.5842793642978183,154.0,0.5272094406379025,0.0,,False,55.0,5.0,,,,,,
breakout,4h,,,3.0,long,btc,113,0.7570645585628878,2.4464881762708868,0.8268482891166731,113.0,0.7570645585628878,0.0,,False,55.0,5.0,,,,,,
breakout,4h,,,3.0,long,fg,146,0.6108272079404758,2.094107879533292,0.6688274181284682,146.0,0.6108272079404758,0.0,,False,55.0,5.0,,,,,,
breakout,1d,,,2.0,both,none,16,0.9951481213099171,3.394278219682911,1.0490732286090718,12.0,1.5351731921668959,4.0,-0.624927091261018,False,20.0,3.0,,,,,,
breakout,1d,,,2.0,both,btc,14,1.1657278322104834,3.6102465458348854,1.2297437483909082,12.0,1.4513828989025777,2.0,-0.5482025679420817,False,20.0,3.0,,,,,,
breakout,1d,,,2.0,both,fg,15,0.4686924462495833,2.0571731343509865,0.5216141268443002,11.0,0.8663722780716202,4.0,-0.624927091261018,False,20.0,3.0,,,,,,
breakout,1d,,,2.0,long,none,12,1.535173192166896,5.4385555836818105,1.6092784513476557,12.0,1.535173192166896,0.0,,False,20.0,3.0,,,,,,
breakout,1d,,,2.0,long,btc,12,1.4513828989025777,4.377960058531903,1.5251487374244181,12.0,1.4513828989025777,0.0,,False,20.0,3.0,,,,,,
breakout,1d,,,2.0,long,fg,11,0.86637227807162,3.2961500832627495,0.9409437873719299,11.0,0.86637227807162,0.0,,False,20.0,3.0,,,,,,
breakout,1d,,,2.0,both,none,13,2.5646319301294054,6.014797808669432,2.84946450176522,10.0,3.4710845707389764,3.0,-0.4568768719025012,False,20.0,5.0,,,,,,
breakout,1d,,,2.0,both,btc,12,2.706664521411177,5.592522731034604,3.0207566396453944,10.0,3.4315986082878416,2.0,-0.9180059129721487,False,20.0,5.0,,,,,,
breakout,1d,,,2.0,both,fg,13,2.5646319301294054,6.014797808669432,2.84946450176522,10.0,3.4710845707389764,3.0,-0.4568768719025012,False,20.0,5.0,,,,,,
breakout,1d,,,2.0,long,none,10,3.4710845707389772,8.169457295615285,3.8490741472351986,10.0,3.4710845707389772,0.0,,False,20.0,5.0,,,,,,
breakout,1d,,,2.0,long,btc,10,3.4315986082878425,7.5534194182925924,3.807921889933368,10.0,3.4315986082878425,0.0,,False,20.0,5.0,,,,,,
breakout,1d,,,2.0,long,fg,10,3.4710845707389772,8.169457295615285,3.8490741472351986,10.0,3.4710845707389772,0.0,,False,20.0,5.0,,,,,,
breakout,1d,,,3.0,both,none,0,,,,,,,,,20.0,3.0,,,,,,
breakout,1d,,,3.0,both,btc,0,,,,,,,,,20.0,3.0,,,,,,
breakout,1d,,,3.0,both,fg,0,,,,,,,,,20.0,3.0,,,,,,
breakout,1d,,,3.0,long,none,0,,,,,,,,,20.0,3.0,,,,,,
breakout,1d,,,3.0,long,btc,0,,,,,,,,,20.0,3.0,,,,,,
breakout,1d,,,3.0,long,fg,0,,,,,,,,,20.0,3.0,,,,,,
breakout,1d,,,3.0,both,none,0,,,,,,,,,20.0,5.0,,,,,,
breakout,1d,,,3.0,both,btc,0,,,,,,,,,20.0,5.0,,,,,,
breakout,1d,,,3.0,both,fg,0,,,,,,,,,20.0,5.0,,,,,,
breakout,1d,,,3.0,long,none,0,,,,,,,,,20.0,5.0,,,,,,
breakout,1d,,,3.0,long,btc,0,,,,,,,,,20.0,5.0,,,,,,
breakout,1d,,,3.0,long,fg,0,,,,,,,,,20.0,5.0,,,,,,
breakout,1d,,,2.0,both,none,5,0.7083106003980746,3.5385726077503215,0.7502699845360248,2.0,2.4683246016833307,3.0,-0.46503206712542955,False,55.0,3.0,,,,,,
breakout,1d,,,2.0,both,btc,4,1.123207952717863,11.123153997215056,1.1813829959059483,2.0,2.4683246016833307,2.0,-0.22190869624760512,False,55.0,3.0,,,,,,
breakout,1d,,,2.0,both,fg,4,0.27965458740976235,1.8018216582738247,0.29200132113344013,1.0,2.513714551015338,3.0,-0.46503206712542955,False,55.0,3.0,,,,,,
breakout,1d,,,2.0,long,none,2,2.4683246016833307,inf,2.593511294595867,2.0,2.4683246016833307,0.0,,False,55.0,3.0,,,,,,
breakout,1d,,,2.0,long,btc,2,2.4683246016833307,inf,2.593511294595867,2.0,2.4683246016833307,0.0,,False,55.0,3.0,,,,,,
breakout,1d,,,2.0,long,fg,1,2.5137145510153376,inf,2.603677951045372,1.0,2.5137145510153376,0.0,,False,55.0,3.0,,,,,,
breakout,1d,,,2.0,both,none,5,0.01635227218213735,1.0280797497353416,0.2516053037640402,2.0,1.4967583446316162,3.0,-0.9705851094508485,False,55.0,5.0,,,,,,
breakout,1d,,,2.0,both,btc,4,0.26196457218848745,1.538562313137635,0.5617546383101609,2.0,1.4967583446316162,2.0,-0.9728292002546411,False,55.0,5.0,,,,,,
breakout,1d,,,2.0,both,fg,4,-0.5290898149765708,0.27316720629006047,-0.5117222409510989,1.0,0.7953960684462625,3.0,-0.9705851094508485,False,55.0,5.0,,,,,,
breakout,1d,,,2.0,long,none,2,1.4967583446316164,inf,2.1117671272267393,2.0,1.4967583446316164,0.0,,False,55.0,5.0,,,,,,
breakout,1d,,,2.0,long,btc,2,1.4967583446316164,inf,2.1117671272267393,2.0,1.4967583446316164,0.0,,False,55.0,5.0,,,,,,
breakout,1d,,,2.0,long,fg,1,0.7953960684462625,inf,0.9186187718288819,1.0,0.7953960684462625,0.0,,False,55.0,5.0,,,,,,
breakout,1d,,,3.0,both,none,0,,,,,,,,,55.0,3.0,,,,,,
breakout,1d,,,3.0,both,btc,0,,,,,,,,,55.0,3.0,,,,,,
breakout,1d,,,3.0,both,fg,0,,,,,,,,,55.0,3.0,,,,,,
breakout,1d,,,3.0,long,none,0,,,,,,,,,55.0,3.0,,,,,,
breakout,1d,,,3.0,long,btc,0,,,,,,,,,55.0,3.0,,,,,,
breakout,1d,,,3.0,long,fg,0,,,,,,,,,55.0,3.0,,,,,,
breakout,1d,,,3.0,both,none,0,,,,,,,,,55.0,5.0,,,,,,
breakout,1d,,,3.0,both,btc,0,,,,,,,,,55.0,5.0,,,,,,
breakout,1d,,,3.0,both,fg,0,,,,,,,,,55.0,5.0,,,,,,
breakout,1d,,,3.0,long,none,0,,,,,,,,,55.0,5.0,,,,,,
breakout,1d,,,3.0,long,btc,0,,,,,,,,,55.0,5.0,,,,,,
breakout,1d,,,3.0,long,fg,0,,,,,,,,,55.0,5.0,,,,,,
xsmom,4h,1.0,,2.0,,,3050,-0.00795803421672583,0.9692004556470256,0.011784330607718354,1631.0,-0.015558420095285337,1419.0,0.0007778568107093584,False,,,mom,ls,,,,
xsmom,4h,1.0,,2.0,,,908,-0.05798142670569926,0.815065371869998,-0.03270887050887578,908.0,-0.05798142670569926,0.0,,True,,,mom,long,,,,
xsmom,4h,1.0,,3.0,,,2456,-0.01053647698967278,0.9406518006916424,0.004732320086763656,1267.0,-0.021429829420532294,1189.0,0.001071494019493743,False,,,mom,ls,,,,
xsmom,4h,1.0,,3.0,,,1656,-0.030568319864340845,0.8546514146450028,-0.012824885560872957,1656.0,-0.030568319864340845,0.0,,True,,,mom,long,,,,
xsmom,4h,1.0,,2.0,,,1293,-0.057683071929347664,0.7784533387837361,-0.03768200097722408,716.0,-0.07856303835065241,577.0,-0.031773096266168824,True,,,rev,ls,,,,
xsmom,4h,1.0,,2.0,,,780,-0.08451842212647684,0.6868350291202436,-0.05889960577330319,780.0,-0.08451842212647684,0.0,,True,,,rev,long,,,,
xsmom,4h,1.0,,3.0,,,2165,-0.03809935965780605,0.7944197047623294,-0.02289089676127576,1165.0,-0.036552097666523044,1000.0,-0.03990191987765075,True,,,rev,ls,,,,
xsmom,4h,1.0,,3.0,,,1929,-0.03203702880950786,0.8213769112248523,-0.014342554870477437,1929.0,-0.03203702880950786,0.0,,True,,,rev,long,,,,
xsmom,4h,3.0,,2.0,,,1493,0.0017077203500571812,1.0049471507644052,0.021825823312223717,789.0,0.0431990147196801,704.0,-0.04479317632271622,False,,,mom,ls,,,,
xsmom,4h,3.0,,2.0,,,583,-0.04501151513836553,0.8950995782718068,-0.0166626149432428,583.0,-0.04501151513836553,0.0,,True,,,mom,long,,,,
xsmom,4h,3.0,,3.0,,,1224,0.020225346688504002,1.0871431686637572,0.035303883373413045,588.0,0.027350431587629925,636.0,0.013638004045915905,False,,,mom,ls,,,,
xsmom,4h,3.0,,3.0,,,978,-0.023378865770526013,0.9214293682555228,-0.0038968806872246692,978.0,-0.023378865770526013,0.0,,False,,,mom,long,,,,
xsmom,4h,3.0,,2.0,,,1077,-0.06426225929287692,0.8208249716345307,-0.045243415812786555,621.0,-0.09249158976812495,456.0,-0.025818368448295707,True,,,rev,ls,,,,
xsmom,4h,3.0,,2.0,,,579,-0.10998909660838845,0.7089908597536804,-0.08189093488528201,579.0,-0.10998909660838845,0.0,,True,,,rev,long,,,,
xsmom,4h,3.0,,3.0,,,1502,-0.052943299171832506,0.7997120673315303,-0.03731306133840353,859.0,-0.07508928925103144,643.0,-0.02335790962590422,True,,,rev,ls,,,,
xsmom,4h,3.0,,3.0,,,1220,-0.044987494660554836,0.8310736262871012,-0.025880837251247707,1220.0,-0.044987494660554836,0.0,,True,,,rev,long,,,,
xsmom,4h,7.0,,2.0,,,792,0.08297957904607432,1.1839858776169103,0.1052464934785701,385.0,0.17751174945070863,407.0,-0.006442744309660831,False,,,mom,ls,,,,
xsmom,4h,7.0,,2.0,,,293,-0.1458153992030462,0.7338337641896189,-0.11147055185430432,293.0,-0.1458153992030462,0.0,,True,,,mom,long,,,,
xsmom,4h,7.0,,3.0,,,620,0.0934282021190912,1.2850956715199842,0.10917062030758527,263.0,0.1780244442567948,357.0,0.03110660076834597,False,,,mom,ls,,,,
xsmom,4h,7.0,,3.0,,,614,-0.013963787794910443,0.9599312938676193,0.008475356646003908,614.0,-0.013963787794910443,0.0,,False,,,mom,long,,,,
xsmom,4h,7.0,,2.0,,,1224,-0.05108577584810384,0.8865972049876222,-0.030444762154375384,743.0,-0.07579539201046052,481.0,-0.012916867722051823,True,,,rev,ls,,,,
xsmom,4h,7.0,,2.0,,,611,-0.05224585340452873,0.8958954648879865,-0.02084103986602075,611.0,-0.05224585340452873,0.0,,True,,,rev,long,,,,
xsmom,4h,7.0,,3.0,,,951,-0.06670404362190079,0.8076032863950102,-0.04999955920366655,596.0,-0.0714908028714695,355.0,-0.05866768161417419,False,,,rev,ls,,,,
xsmom,4h,7.0,,3.0,,,768,-0.06520386440356074,0.8223764206693884,-0.04306882309960584,768.0,-0.06520386440356074,0.0,,True,,,rev,long,,,,
xsmom,4h,14.0,,2.0,,,460,0.1577793548556866,1.3188505143522367,0.17845887546301803,222.0,0.1907336279743959,238.0,0.1270404950558822,False,,,mom,ls,,,,
xsmom,4h,14.0,,2.0,,,286,-0.11312996692048131,0.8269955134049545,-0.0772547785985844,286.0,-0.11312996692048131,0.0,,True,,,mom,long,,,,
xsmom,4h,14.0,,3.0,,,408,0.18866107720743536,1.5605514821921291,0.20427526292440837,157.0,0.280027255005334,251.0,0.13151171499918804,False,,,mom,ls,,,,
xsmom,4h,14.0,,3.0,,,359,-0.04250834477743163,0.9135554119895967,-0.01562649501749326,359.0,-0.04250834477743163,0.0,,False,,,mom,long,,,,
xsmom,4h,14.0,,2.0,,,740,-0.07556666636658596,0.8637215337929006,-0.05184596518638037,473.0,-0.1155451747733254,267.0,-0.0047433162677554255,False,,,rev,ls,,,,
xsmom,4h,14.0,,2.0,,,354,-0.1728434305026751,0.6942044969182601,-0.13423208517620394,354.0,-0.1728434305026751,0.0,,True,,,rev,long,,,,
xsmom,4h,14.0,,3.0,,,635,-0.0866233272397423,0.795819186258709,-0.06935423750477578,417.0,-0.13472866211370696,218.0,0.005394675707245097,False,,,rev,ls,,,,
xsmom,4h,14.0,,3.0,,,543,-0.10616172562436559,0.7569478392915088,-0.08001873853467721,543.0,-0.10616172562436559,0.0,,True,,,rev,long,,,,
xsmom,4h,30.0,,2.0,,,273,0.09032376327118667,1.1479710859495045,0.11485412260151527,133.0,0.08028361594170852,140.0,0.09986190323419099,False,,,mom,ls,,,,
xsmom,4h,30.0,,2.0,,,189,-0.30657434369305275,0.5885520868127051,-0.26007489036702125,189.0,-0.30657434369305275,0.0,,True,,,mom,long,,,,
xsmom,4h,30.0,,3.0,,,235,0.2085623011355975,1.4656521746179783,0.22312161942568953,93.0,0.24390672729610371,142.0,0.1854141910445617,False,,,mom,ls,,,,
xsmom,4h,30.0,,3.0,,,239,-0.1583440640416883,0.7294157654976609,-0.12334699997714776,239.0,-0.1583440640416883,0.0,,False,,,mom,long,,,,
xsmom,4h,30.0,,2.0,,,443,-0.06380084297247607,0.9016773595984583,-0.03934107030678368,284.0,-0.09525620288757766,159.0,-0.007616426520344961,False,,,rev,ls,,,,
xsmom,4h,30.0,,2.0,,,334,-0.09964302112454729,0.8503261726490714,-0.056122218069699116,334.0,-0.09964302112454729,0.0,,True,,,rev,long,,,,
xsmom,4h,30.0,,3.0,,,402,-0.0854627542421394,0.8333584673818712,-0.06535438252331416,282.0,-0.12637141175343433,120.0,0.010672590909403786,False,,,rev,ls,,,,
xsmom,4h,30.0,,3.0,,,396,-0.11859657139181762,0.7918580179148831,-0.08739315582202796,396.0,-0.11859657139181762,0.0,,True,,,rev,long,,,,
xsmom,1d,1.0,,2.0,,,54,0.03977702059031195,1.2512587893309317,0.054033071386452386,32.0,0.025199103988031907,22.0,0.060981262920901065,False,,,mom,ls,,,,
xsmom,1d,1.0,,2.0,,,65,0.003142680381624862,1.0133725031457135,0.022810568989650695,65.0,0.003142680381624862,0.0,,False,,,mom,long,,,,
xsmom,1d,1.0,,3.0,,,0,,,,,,,,,,,mom,ls,,,,
xsmom,1d,1.0,,3.0,,,0,,,,,,,,,,,mom,long,,,,
xsmom,1d,1.0,,2.0,,,56,-0.0341844888228082,0.8095621822320838,-0.021944718918282154,22.0,-0.13281539591391442,34.0,0.029635509883201686,False,,,rev,ls,,,,
xsmom,1d,1.0,,2.0,,,58,-0.00014549294464335198,0.9989273297819632,0.01910677316413745,58.0,-0.00014549294464335198,0.0,,False,,,rev,long,,,,
xsmom,1d,1.0,,3.0,,,0,,,,,,,,,,,rev,ls,,,,
xsmom,1d,1.0,,3.0,,,0,,,,,,,,,,,rev,long,,,,
xsmom,1d,3.0,,2.0,,,46,0.3403647696023416,3.8877799801685247,0.35870841024330063,25.0,0.5194012956093164,21.0,0.12722604816546665,False,,,mom,ls,,,,
xsmom,1d,3.0,,2.0,,,44,0.4881105831267711,3.7250902734860203,0.5202048197432142,44.0,0.4881105831267711,0.0,,False,,,mom,long,,,,
xsmom,1d,3.0,,3.0,,,0,,,,,,,,,,,mom,ls,,,,
xsmom,1d,3.0,,3.0,,,0,,,,,,,,,,,mom,long,,,,
xsmom,1d,3.0,,2.0,,,49,-0.152523733853723,0.5032916336752309,-0.1402238636157488,21.0,-0.20802510282357695,28.0,-0.11089770712633253,False,,,rev,ls,,,,
xsmom,1d,3.0,,2.0,,,39,-0.14361929087807207,0.5367564832442469,-0.12205849918227074,39.0,-0.14361929087807207,0.0,,False,,,rev,long,,,,
xsmom,1d,3.0,,3.0,,,0,,,,,,,,,,,rev,ls,,,,
xsmom,1d,3.0,,3.0,,,0,,,,,,,,,,,rev,long,,,,
xsmom,1d,7.0,,2.0,,,35,0.21828754129264485,1.8140650127814184,0.24437121099636347,16.0,0.5397644192338662,19.0,-0.052429829605225735,False,,,mom,ls,,,,
xsmom,1d,7.0,,2.0,,,28,1.5872025807864456,5.523458171735039,1.6607255758442891,28.0,1.5872025807864456,0.0,,False,,,mom,long,,,,
xsmom,1d,7.0,,3.0,,,0,,,,,,,,,,,mom,ls,,,,
xsmom,1d,7.0,,3.0,,,0,,,,,,,,,,,mom,long,,,,
xsmom,1d,7.0,,2.0,,,37,-0.11969213858177126,0.6600595290001968,-0.10650579534617684,19.0,-0.18021547387145664,18.0,-0.05580639577599232,False,,,rev,ls,,,,
xsmom,1d,7.0,,2.0,,,28,-0.05307664846003219,0.8194489141551679,-0.026010758814045805,28.0,-0.05307664846003219,0.0,,False,,,rev,long,,,,
xsmom,1d,7.0,,3.0,,,0,,,,,,,,,,,rev,ls,,,,
xsmom,1d,7.0,,3.0,,,0,,,,,,,,,,,rev,long,,,,
xsmom,1d,14.0,,2.0,,,28,0.1545158065786507,1.4912352796933481,0.1681085368273359,11.0,0.30382461708892766,17.0,0.057904223307295076,False,,,mom,ls,,,,
xsmom,1d,14.0,,2.0,,,16,3.5940174308272645,8.041346436597268,3.7074307127710946,16.0,3.5940174308272645,0.0,,False,,,mom,long,,,,
xsmom,1d,14.0,,3.0,,,0,,,,,,,,,,,mom,ls,,,,
xsmom,1d,14.0,,3.0,,,0,,,,,,,,,,,mom,long,,,,
xsmom,1d,14.0,,2.0,,,30,-0.09624128266890038,0.7323970557464085,-0.07985174956793445,18.0,-0.13942782166561976,12.0,-0.03146147417382131,False,,,rev,ls,,,,
xsmom,1d,14.0,,2.0,,,23,-0.1710382155212119,0.6363785966116123,-0.13809252487297433,23.0,-0.1710382155212119,0.0,,False,,,rev,long,,,,
xsmom,1d,14.0,,3.0,,,0,,,,,,,,,,,rev,ls,,,,
xsmom,1d,14.0,,3.0,,,0,,,,,,,,,,,rev,long,,,,
xsmom,1d,30.0,,2.0,,,23,-0.1072987748695293,0.7719888388609206,-0.10906016296490792,6.0,0.05814157745291215,17.0,-0.16568948745392034,False,,,mom,ls,,,,
xsmom,1d,30.0,,2.0,,,14,2.822937959599473,7.081093283307168,3.023262769925944,14.0,2.822937959599473,0.0,,False,,,mom,long,,,,
xsmom,1d,30.0,,3.0,,,0,,,,,,,,,,,mom,ls,,,,
xsmom,1d,30.0,,3.0,,,0,,,,,,,,,,,mom,long,,,,
xsmom,1d,30.0,,2.0,,,23,-0.030152093378587833,0.931099556532188,-0.00025524877483938126,17.0,-0.1360847079188852,6.0,0.2699903144855879,False,,,rev,ls,,,,
xsmom,1d,30.0,,2.0,,,20,-0.2788633680860241,0.46655240970228506,-0.23214498888805002,20.0,-0.2788633680860241,0.0,,False,,,rev,long,,,,
xsmom,1d,30.0,,3.0,,,0,,,,,,,,,,,rev,ls,,,,
xsmom,1d,30.0,,3.0,,,0,,,,,,,,,,,rev,long,,,,
carry,4h,,,2.0,,,1282,-0.009910747819442773,0.9728583643839818,0.008009184116282495,791.0,-0.026822828410845233,491.0,0.017334579569150608,False,,,,ls,funding,1.0,,
carry,4h,,,2.0,,,639,-0.07270966020113867,0.8284653997138146,-0.06571916769069931,0.0,,639.0,-0.07270966020113867,True,,,,short,funding,1.0,,
carry,4h,,,3.0,,,1176,-0.01343920717280242,0.947314172289974,0.0005282697067833476,709.0,-0.03662542480126203,467.0,0.02176213822029792,False,,,,ls,funding,1.0,,
carry,4h,,,3.0,,,1060,0.018142639709655697,1.0684885374589237,0.027407390872433712,0.0,,1060.0,0.018142639709655697,False,,,,short,funding,1.0,,
carry,4h,,,2.0,,,687,-0.0844563178259085,0.8332344874496332,-0.06866338134824507,411.0,-0.10173464027913422,276.0,-0.05872664199882243,False,,,,ls,funding,3.0,,
carry,4h,,,2.0,,,282,-0.22891595831856895,0.6249196804122653,-0.22874216609833825,0.0,,282.0,-0.22891595831856895,True,,,,short,funding,3.0,,
carry,4h,,,3.0,,,658,-0.07512207884340666,0.8057152346337393,-0.06190593094108361,384.0,-0.08079080542522615,274.0,-0.06717758611560128,False,,,,ls,funding,3.0,,
carry,4h,,,3.0,,,629,0.0024082576267462253,1.0064395284413612,0.008300658369862667,0.0,,629.0,0.0024082576267462253,False,,,,short,funding,3.0,,
carry,4h,,,2.0,,,1526,-0.02740264254661638,0.9218016176952901,-0.009310430798120066,969.0,-0.04353485506671772,557.0,0.0006621939560374489,False,,,,ls,premium,1.0,,
carry,4h,,,2.0,,,783,-0.04699283149606537,0.884019664284985,-0.038692867309122886,0.0,,783.0,-0.04699283149606537,True,,,,short,premium,1.0,,
carry,4h,,,3.0,,,1331,-0.02000669624720212,0.9193223503078068,-0.005983175655069892,855.0,-0.03706551879896414,476.0,0.01063467619346285,False,,,,ls,premium,1.0,,
carry,4h,,,3.0,,,1071,0.02037907098110256,1.07758834893443,0.029405457859457564,0.0,,1071.0,0.02037907098110256,False,,,,short,premium,1.0,,
carry,4h,,,2.0,,,615,0.015619216453641739,1.030479882131592,0.03287061914085354,375.0,0.0010367128680779274,240.0,0.03840437830608519,False,,,,ls,premium,3.0,,
carry,4h,,,2.0,,,455,-0.10680225572634165,0.8082358683005032,-0.10520943745396875,0.0,,455.0,-0.10680225572634165,True,,,,short,premium,3.0,,
carry,4h,,,3.0,,,548,0.02351384163053881,1.0642755467979286,0.038193935070049485,355.0,0.023806849821912744,193.0,0.02297488873966964,False,,,,ls,premium,3.0,,
carry,4h,,,3.0,,,520,0.031754205338462946,1.0840329731187277,0.03553730350238731,0.0,,520.0,0.031754205338462946,False,,,,short,premium,3.0,,
carry,1d,,,2.0,,,41,0.06486114593666406,1.377810664728727,0.07984040251261468,29.0,0.10560972750817736,12.0,-0.03361459286115974,False,,,,ls,funding,1.0,,
carry,1d,,,2.0,,,27,-0.027711786400541335,0.8660345862906711,-0.026601971349153257,0.0,,27.0,-0.027711786400541335,False,,,,short,funding,1.0,,
carry,1d,,,3.0,,,0,,,,,,,,,,,,ls,funding,1.0,,
carry,1d,,,3.0,,,0,,,,,,,,,,,,short,funding,1.0,,
carry,1d,,,2.0,,,26,0.002185203259499784,1.0092985190117045,0.017476755433568723,18.0,0.1221380910415415,8.0,-0.26770879425009403,False,,,,ls,funding,3.0,,
carry,1d,,,2.0,,,27,-0.1261791155198149,0.5694940672413866,-0.127602865726154,0.0,,27.0,-0.1261791155198149,False,,,,short,funding,3.0,,
carry,1d,,,3.0,,,0,,,,,,,,,,,,ls,funding,3.0,,
carry,1d,,,3.0,,,0,,,,,,,,,,,,short,funding,3.0,,
carry,1d,,,2.0,,,29,0.052297818312836815,1.3285087476093156,0.0628873729022744,17.0,0.08191764250238696,12.0,0.010336400710974034,False,,,,ls,premium,1.0,,
carry,1d,,,2.0,,,41,0.011848763877604576,1.060547405933934,0.01571305119457262,0.0,,41.0,0.011848763877604576,False,,,,short,premium,1.0,,
carry,1d,,,3.0,,,0,,,,,,,,,,,,ls,premium,1.0,,
carry,1d,,,3.0,,,0,,,,,,,,,,,,short,premium,1.0,,
carry,1d,,,2.0,,,23,-0.03561655425414994,0.8268454793194844,-0.02463640546151459,15.0,-0.03489140266226612,8.0,-0.0369762134889321,False,,,,ls,premium,3.0,,
carry,1d,,,2.0,,,26,-0.04560975529685114,0.8330914250611334,-0.04905537473534215,0.0,,26.0,-0.04560975529685114,False,,,,short,premium,3.0,,
carry,1d,,,3.0,,,0,,,,,,,,,,,,ls,premium,3.0,,
carry,1d,,,3.0,,,0,,,,,,,,,,,,short,premium,3.0,,
oi_breakout,4h,,,2.0,both,,721,0.13785953321335417,1.3092750267187998,0.1629600926498281,389.0,0.16767029855457977,332.0,0.10293065454547237,False,20.0,,,,,,0.0,
oi_breakout,4h,,,2.0,long,,438,0.0819380494843846,1.1565392937132215,0.11538399577466042,438.0,0.0819380494843846,0.0,,False,20.0,,,,,,0.0,
oi_breakout,4h,,,2.0,both,,589,0.10410583679882449,1.2230436501152353,0.12920478500258126,345.0,0.07004958642833228,244.0,0.15225914162595489,False,20.0,,,,,,0.05,
oi_breakout,4h,,,2.0,long,,367,0.06800799276970877,1.1263330316029794,0.10078074905018009,367.0,0.06800799276970877,0.0,,False,20.0,,,,,,0.05,
oi_breakout,4h,,,2.0,both,,254,0.14837658315963015,1.3333942174619045,0.17543766705869718,187.0,0.12036157822147943,67.0,0.22656771634521494,False,20.0,,,,,,0.15,
oi_breakout,4h,,,2.0,long,,187,0.11709392648262983,1.2317995107695665,0.14754848257922779,187.0,0.11709392648262983,0.0,,False,20.0,,,,,,0.15,
oi_breakout,4h,,,3.0,both,,617,0.05677811361680205,1.167496438181376,0.07544081572634052,332.0,0.06615770451552017,285.0,0.04585171299092691,False,20.0,,,,,,0.0,
oi_breakout,4h,,,3.0,long,,365,0.06345175802115699,1.1687573004186933,0.08828543356839592,365.0,0.06345175802115699,0.0,,False,20.0,,,,,,0.0,
oi_breakout,4h,,,3.0,both,,463,0.027350598743395217,1.076124746943845,0.04636431727011182,282.0,0.012766304515908825,181.0,0.050073090302241385,False,20.0,,,,,,0.05,
oi_breakout,4h,,,3.0,long,,290,0.01964335274909584,1.049494047690554,0.04342357629329282,290.0,0.01964335274909584,0.0,,False,20.0,,,,,,0.05,
oi_breakout,4h,,,3.0,both,,145,0.17030178852470235,1.5420197415683516,0.19023340571794847,109.0,0.12398530353055702,36.0,0.31053781253475354,False,20.0,,,,,,0.15,
oi_breakout,4h,,,3.0,long,,109,0.12129388345027149,1.3332142806594651,0.14323134154649494,109.0,0.12129388345027149,0.0,,False,20.0,,,,,,0.15,
oi_breakout,4h,,,2.0,both,,469,0.1113004534879194,1.238198917607432,0.13991154584307292,274.0,0.06899201424676082,195.0,0.17074923478062426,False,55.0,,,,,,0.0,
oi_breakout,4h,,,2.0,long,,281,0.08860946337965683,1.1761568191546097,0.12453093725755922,281.0,0.08860946337965683,0.0,,False,55.0,,,,,,0.0,
oi_breakout,4h,,,2.0,both,,422,0.0925165136048455,1.1910445879472007,0.12076177634472911,254.0,0.04758069482887724,168.0,0.16045519199232133,False,55.0,,,,,,0.05,
oi_breakout,4h,,,2.0,long,,259,0.08044662379612982,1.1505672542627743,0.11596686579361948,259.0,0.08044662379612982,0.0,,False,55.0,,,,,,0.05,
oi_breakout,4h,,,2.0,both,,264,0.08204193982920978,1.169131089882449,0.10936867796024224,177.0,0.1018013628486598,87.0,0.04184173437584598,False,55.0,,,,,,0.15,
oi_breakout,4h,,,2.0,long,,176,0.14517026252704315,1.2853309853114765,0.1766916591270078,176.0,0.14517026252704315,0.0,,False,55.0,,,,,,0.15,
oi_breakout,4h,,,3.0,both,,386,0.036519204789820785,1.1038317189045423,0.05666148455807627,211.0,0.003493326077917096,175.0,0.07633897855103039,False,55.0,,,,,,0.0,
oi_breakout,4h,,,3.0,long,,217,-0.019237799689119504,0.9527667817011578,0.006390688224906092,217.0,-0.019237799689119504,0.0,,False,55.0,,,,,,0.0,
oi_breakout,4h,,,3.0,both,,331,0.022491457622034923,1.0626465464396682,0.04279804240007661,194.0,-0.025490139027624963,137.0,0.09043620032301314,False,55.0,,,,,,0.05,
oi_breakout,4h,,,3.0,long,,199,-0.044540969254518274,0.8928439882219575,-0.019832231340908002,199.0,-0.044540969254518274,0.0,,False,55.0,,,,,,0.05,
oi_breakout,4h,,,3.0,both,,185,0.040848920238118314,1.110015648539272,0.061453580953886734,130.0,0.058232216220178185,55.0,-0.00023887026493215108,False,55.0,,,,,,0.15,
oi_breakout,4h,,,3.0,long,,132,0.03664286921956741,1.0923258601288328,0.05934228095453504,132.0,0.03664286921956741,0.0,,False,55.0,,,,,,0.15,
crowd,4h,,,2.0,,,3231,-0.021590390416778547,0.9083193299206105,-0.0017462678381270273,1830.0,-0.03118302338290321,1401.0,-0.00906039874796475,True,,,,ls,,,,3.0
crowd,4h,,,2.0,,,11,-0.6292083151991458,0.21916175237505478,-0.5926281786709832,11.0,-0.6292083151991458,0.0,,True,,,,long,,,,3.0
crowd,4h,,,3.0,,,2949,-0.027253815210820723,0.8401522668712651,-0.0118689817418967,1620.0,-0.03791685180511277,1329.0,-0.014255982793399277,True,,,,ls,,,,3.0
crowd,4h,,,3.0,,,1760,-0.03131497022622595,0.8448333115285057,-0.01348048609762561,1760.0,-0.03131497022622595,0.0,,True,,,,long,,,,3.0
crowd,4h,,,2.0,,,2732,-0.0054095961502849225,0.9805218268023366,0.014899489975489491,1536.0,-0.018012758157106002,1196.0,0.01077640455412744,False,,,,ls,,,,7.0
crowd,4h,,,2.0,,,8,-0.7218367769594267,0.19579514270051188,-0.6769784436809512,8.0,-0.7218367769594267,0.0,,True,,,,long,,,,7.0
crowd,4h,,,3.0,,,2233,-0.006605292472168969,0.9657338481930218,0.00895144460967092,1209.0,-0.01829788834113468,1024.0,0.0071997352676548085,False,,,,ls,,,,7.0
crowd,4h,,,3.0,,,1337,-0.044653696529163,0.8062793030499008,-0.02629525028992981,1337.0,-0.044653696529163,0.0,,True,,,,long,,,,7.0
crowd,4h,,,2.0,,,1620,0.002939823988287037,1.0087114547318714,0.023589427692335397,932.0,-0.007844693874350307,688.0,0.017549083651045808,False,,,,ls,,,,30.0
crowd,4h,,,2.0,,,426,-0.0435815712115574,0.8988387639075093,-0.01340055256108639,426.0,-0.0435815712115574,0.0,,True,,,,long,,,,30.0
crowd,4h,,,3.0,,,1337,0.018172857442391947,1.0778056037950081,0.03392290249372676,745.0,0.0226397785734071,592.0,0.012551478654205677,False,,,,ls,,,,30.0
crowd,4h,,,3.0,,,1036,-0.0013164769083390479,0.9955154923153646,0.018832224015236765,1036.0,-0.0013164769083390479,0.0,,False,,,,long,,,,30.0
crowd,1d,,,2.0,,,59,0.1875377848067725,1.8922476217009343,0.2038398281027537,34.0,0.2977585647833239,25.0,0.037637524038662516,False,,,,ls,,,,3.0
crowd,1d,,,2.0,,,54,0.1257845269335371,1.4660605459416751,0.1473502849586867,54.0,0.1257845269335371,0.0,,False,,,,long,,,,3.0
crowd,1d,,,3.0,,,0,,,,,,,,,,,,ls,,,,3.0
crowd,1d,,,3.0,,,0,,,,,,,,,,,,long,,,,3.0
crowd,1d,,,2.0,,,66,0.14451082646446883,1.5837189293183178,0.1618031319617453,38.0,0.19454079870295102,28.0,0.07661300699795716,False,,,,ls,,,,7.0
crowd,1d,,,2.0,,,48,0.2607797400932358,2.064913459336704,0.2869257554373495,48.0,0.2607797400932358,0.0,,False,,,,long,,,,7.0
crowd,1d,,,3.0,,,0,,,,,,,,,,,,ls,,,,7.0
crowd,1d,,,3.0,,,0,,,,,,,,,,,,long,,,,7.0
crowd,1d,,,2.0,,,54,0.2833668648926269,2.250422122540487,0.3026744974338569,31.0,0.3325769846559041,23.0,0.21704018173342735,False,,,,ls,,,,30.0
crowd,1d,,,2.0,,,37,0.626972350357986,3.208855268156075,0.6647799072655248,37.0,0.626972350357986,0.0,,False,,,,long,,,,30.0
crowd,1d,,,3.0,,,0,,,,,,,,,,,,ls,,,,30.0
crowd,1d,,,3.0,,,0,,,,,,,,,,,,long,,,,30.0
