семейство,тф,сделок,PF,ср. R,P(ср.R≤0),приб. кварталов,кварталов с торговлей,доходность,Шарп,Кальмар,макс. просадка,sr_d,skew,kurt,T,10 USDT итог,10 USDT остановлен,DSR,SR0 (дн.),> B&H,прошла,1 сделок≥400,2 PF≥1.3,3 бутстрэп,4 кварталы≥5,5 DSR≥0.95,6 >B&H,7 10 USDT
tsmom,4h,250,0.9906963516403549,0.1623845361655966,0.26855,3,9,-0.10171099092293057,0.47498842002346553,-0.059283686161325864,0.7845778191153464,0.024862030199361035,1.2933420001225469,11.404359681493405,822,9.17977820574134,True,0.1025943472599114,0.06839680697145753,True,False,False,False,False,False,False,True,False
tsmom,1d,0,,,,0,0,0.0,,,-0.0,0.0,0.0,3.0,731,10.0,False,0.032302620851633934,0.06839680697145753,False,False,False,False,False,False,False,False,False
breakout,4h,210,0.9987581075464518,0.3333399629819074,0.3292,3,8,-0.014030027703463732,0.5467658322963933,-0.009014906482080288,0.7798413417935176,0.028619031667888113,1.4368904741190354,10.228283898539189,731,12.881812254297417,True,0.13643873430712788,0.06839680697145753,True,False,False,False,False,False,False,True,False
breakout,1d,0,,,,0,0,0.0,,,-0.0,0.0,0.0,3.0,731,10.0,False,0.032302620851633934,0.06839680697145753,False,False,False,False,False,False,False,False,False
xsmom,4h,95,0.448934557768191,-0.28010882790501257,0.9861,0,9,-0.7826646240008192,-1.3673638799732668,-0.6262454006781006,0.7860147293611949,-0.07157109656637815,-2.97070558579378,30.811085425244347,822,4.6888866945156,False,5.075448263613946e-06,0.06839680697145753,False,False,False,False,False,False,False,False,False
xsmom,1d,18,0.8869874311619942,-0.012057140367270094,0.5603,1,2,-0.019889276505584697,-0.05944462551866906,-0.06938107270639235,0.1438573907582702,-0.003111473906588808,0.3030419444649744,63.51797581304145,731,9.150419328188104,False,0.026742071509098075,0.06839680697145753,False,False,False,False,False,False,False,False,False
carry,4h,401,1.2393070069921905,0.17410311828598027,0.0003,3,4,9.984963561578382,1.698104221551822,3.53080761795585,0.6539378392235007,0.08888283726116561,3.999044053969895,47.98457521848856,731,117.6100304838391,False,0.7404029782003005,0.06839680697145753,True,False,True,False,True,False,False,True,True
carry,1d,0,,,,0,0,0.0,,,-0.0,0.0,0.0,3.0,731,10.0,False,0.032302620851633934,0.06839680697145753,False,False,False,False,False,False,False,False,False
oi_breakout,4h,271,0.8874779247268091,0.010201666525082259,0.47375,2,8,-0.52488206733147,0.06414620030387991,-0.42263501199043874,0.7343477196932275,0.003357565578231438,1.6621010173543236,14.145570693347896,731,3.762497102764492,False,0.03902158743356632,0.06839680697145753,False,False,False,False,False,False,False,False,False
crowd,4h,581,0.8582290946260063,-0.00695351323378484,0.58695,1,5,-0.6664256266884856,-0.24391090385726047,-0.5273813084148934,0.8001935867668127,-0.012766880205949177,1.2480223290334587,18.12076465981019,731,3.688220918225338,False,0.01481838652358708,0.06839680697145753,False,False,True,False,False,False,False,False,False
crowd,1d,25,3.2825032375851584,0.8126967476989089,0.0529,3,4,1.2783013262599572,1.292185968712716,2.6695069498308954,0.16560030428176997,0.0676361048459645,9.68848897826839,155.67893541474507,821,21.339538821625563,False,0.4879692299750108,0.06839680697145753,True,False,False,True,False,False,False,True,True
