family,tf,folds_traded,ref_total_return,ref_cagr,ref_max_drawdown,ref_sharpe,ref_sortino,ref_calmar,ref_days,ref_trades,ref_mean_r,ref_std_r,ref_sqn,ref_pf,ref_total_r,ref_win_rate,real_total_return,real_cagr,real_max_drawdown,real_sharpe,real_sortino,real_calmar,real_days,real_trades,real_mean_r,real_std_r,real_sqn,real_pf,real_total_r,real_win_rate,ref_trades_per_6m,real_halted
donchian,15m,0,0.0,0.0,-0.0,,,,244,0,,,,,0.0,,0.0,0.0,-0.0,,,,244,0,,,,,0.0,,0.0,False
donchian,30m,1,-0.09163146923981813,-0.13390770020970832,0.09163146923981813,-1.7250288188207292,-1.7215425162213194,-1.4613724009951725,244,2,-0.9263445913330213,0.12862603711075207,-10.184944774175989,0.0,-1.8526891826660425,0.0,-0.09074111264196782,-0.1326374928205153,0.09074111264196782,-1.7249741311912852,-1.721488382247718,-1.4617133177973658,244,2,-0.9263445913330213,0.12862603711075207,-10.184944774175989,0.0,-1.8526891826660425,0.0,1.2067639394322058,False
donchian,1h,0,0.0,0.0,-0.0,,,,244,0,,,,,0.0,,0.0,0.0,-0.0,,,,244,0,,,,,0.0,,0.0,False
donchian,4h,0,0.0,0.0,-0.0,,,,244,0,,,,,0.0,,0.0,0.0,-0.0,,,,244,0,,,,,0.0,,0.0,False
momentum,15m,0,0.0,0.0,-0.0,,,,244,0,,,,,0.0,,0.0,0.0,-0.0,,,,244,0,,,,,0.0,,0.0,False
momentum,30m,0,0.0,0.0,-0.0,,,,244,0,,,,,0.0,,0.0,0.0,-0.0,,,,244,0,,,,,0.0,,0.0,False
momentum,1h,0,0.0,0.0,-0.0,,,,244,0,,,,,0.0,,0.0,0.0,-0.0,,,,244,0,,,,,0.0,,0.0,False
momentum,4h,0,0.0,0.0,-0.0,,,,244,0,,,,,0.0,,0.0,0.0,-0.0,,,,244,0,,,,,0.0,,0.0,False
meanrev,15m,5,-0.0329529760706887,-0.03943327684654119,0.3839145036941656,0.17967446488928945,0.2403436131400822,-0.10271369397899739,304,235,0.0075146651004864085,0.6298847276356515,0.11930222738839236,0.9913034662824984,1.765946298614306,0.625531914893617,-0.04268524843308852,-0.05102835200826816,0.38303338358721173,0.1527985227632661,0.20394586388417232,-0.13322168300416476,304,235,0.007514665100486411,0.6298847276356515,0.11930222738839241,0.9885599848705934,1.7659462986143066,0.625531914893617,141.79476288328416,False
meanrev,30m,5,-0.2905585401807028,-0.3377807563713868,0.4308588662179228,-0.2913577075220744,-0.3739746293235865,-0.7839707682852736,304,360,-0.008694563509584726,0.6284655984440156,-0.13834589404911152,0.9362762663703149,-3.1300428634505013,0.6111111111111112,-0.290916248084094,-0.338181633311995,0.42699417471944856,-0.3220846662836559,-0.41319963355585726,-0.7920052622127532,304,350,-0.009174150288558662,0.6316224294571935,-0.1452473797746984,0.9343963704071397,-3.210952600995532,0.6114285714285714,217.21750909779703,False
meanrev,1h,1,-0.038810847554175965,-0.057494817651291386,0.19106432457074163,-0.09667372411492822,-0.14081290403456803,-0.300918644966627,244,32,-0.012565526840420331,0.6910619391070173,-0.10285815189907994,0.927108864589856,-0.4020968588934506,0.5625,-0.038519292622799184,-0.057067125799765916,0.18858185056948895,-0.1005428494909314,-0.14638506112854388,-0.302611972612591,244,32,-0.012565526840420338,0.6910619391070173,-0.10285815189908,0.9262788839880001,-0.4020968588934508,0.5625,19.308223030915293,False
meanrev,4h,0,0.0,0.0,-0.0,,,,244,0,,,,,0.0,,0.0,0.0,-0.0,,,,244,0,,,,,0.0,,0.0,False
squeeze,15m,0,0.0,0.0,-0.0,,,,244,0,,,,,0.0,,0.0,0.0,-0.0,,,,244,0,,,,,0.0,,0.0,False
squeeze,30m,2,-0.3285825729425861,-0.44894117626809726,0.45573900893238684,-1.4136329241748882,-1.8290758933993538,-0.9850839350350672,244,33,-0.21680793458406494,0.9461195034541963,-1.3163947661342927,0.5698704594246411,-7.154661841274143,0.3333333333333333,-0.3274935543419373,-0.44760360089490525,0.45394190041407756,-1.4268886422475353,-1.842022432679861,-0.9860372009867548,244,33,-0.2168079345840649,0.9461195034541963,-1.3163947661342923,0.5674776645346791,-7.154661841274141,0.3333333333333333,19.911605000631393,False
squeeze,1h,0,0.0,0.0,-0.0,,,,244,0,,,,,0.0,,0.0,0.0,-0.0,,,,244,0,,,,,0.0,,0.0,False
squeeze,4h,0,0.0,0.0,-0.0,,,,244,0,,,,,0.0,,0.0,0.0,-0.0,,,,244,0,,,,,0.0,,0.0,False
