family,tf,fold,train_start,test_start,test_end,params,train_score,oos_trades,oos_mean_r,oos_std_r,oos_sqn,oos_pf,oos_total_r,oos_win_rate,oos_real_trades,equity_ref_end,equity_real_end
fade,15m,0,1735689600000,1751241600000,1756425600000,"{""n"": 40, ""k_stop"": 1.5, ""tp_k"": 2.5, ""hold"": 24, ""er_max"": 0.3}",0.30438269729479495,201.0,-0.11354614540478564,1.1012780519332728,-1.0310397560857363,0.8042755281489739,-22.822775226361912,0.38308457711442784,201.0,227.72714685808427,2.307356694672563
fade,15m,1,1740873600000,1756425600000,1761609600000,"{""n"": 40, ""k_stop"": 2.5, ""tp_k"": 2.5, ""hold"": 24, ""er_max"": 1.0}",0.10386096093040238,2.0,-0.23703326206826225,0.0290280489667996,-11.547991197543816,0.0,-0.4740665241365245,0.0,2.0,222.30785487492415,2.22316427165618
fade,15m,2,1746057600000,1761609600000,1766793600000,null,0.0,,,,,,,,,222.30785487492415,2.22316427165618
fade,15m,3,1751241600000,1766793600000,1771977600000,null,0.0,,,,,,,,,222.30785487492415,2.22316427165618
fade,15m,4,1756425600000,1771977600000,1775088000000,null,0.0,,,,,,,,,222.30785487492415,2.22316427165618
fade,30m,0,1735689600000,1751241600000,1756425600000,"{""n"": 40, ""k_stop"": 2.5, ""tp_k"": 1.0, ""hold"": 24, ""er_max"": 0.3}",1.4732884523993428,108.0,0.00560806919049542,0.5676052346042785,0.09880228103261308,0.9895393956091869,0.6056714725735054,0.7407407407407407,108.0,985.3799755013818,9.85825595208006
fade,30m,1,1740873600000,1756425600000,1761609600000,"{""n"": 40, ""k_stop"": 2.5, ""tp_k"": 1.0, ""hold"": 24, ""er_max"": 1.0}",0.6333656066807065,123.0,0.017763594248591398,0.5666443754437352,0.31348752442271843,1.0356306349717193,2.184922092576742,0.7560975609756098,122.0,1043.670002164523,10.243231677631606
fade,30m,2,1746057600000,1761609600000,1766793600000,"{""n"": 40, ""k_stop"": 2.5, ""tp_k"": 1.0, ""hold"": 24, ""er_max"": 0.3}",0.6393496674178705,80.0,0.0009182354568466639,0.5473173406485805,0.015005823849298062,0.9757942337789318,0.07345883654773311,0.7,80.0,1016.00792749126,9.97342520422337
fade,30m,3,1751241600000,1766793600000,1771977600000,"{""n"": 60, ""k_stop"": 2.5, ""tp_k"": 1.0, ""hold"": 24, ""er_max"": 0.3}",0.624727952355077,70.0,-0.05464952350264903,0.6093647240181627,-0.7503399849322113,0.7800184744250152,-3.8254666451854322,0.7,67.0,810.157707289081,7.557284741436615
fade,30m,4,1756425600000,1771977600000,1775088000000,"{""n"": 40, ""k_stop"": 2.5, ""tp_k"": 1.0, ""hold"": 24, ""er_max"": 0.3}",0.22574214553860444,55.0,-0.022376075192051984,0.5807057904739943,-0.2857650426578039,0.8835361040521228,-1.230684135562859,0.7090909090909091,55.0,743.2950318611042,6.916821315217987
fade,1h,0,1735689600000,1751241600000,1756425600000,"{""n"": 60, ""k_stop"": 2.5, ""tp_k"": 1.0, ""hold"": 24, ""er_max"": 0.3}",0.8956348151199196,39.0,0.010472295226112205,0.6029859721053352,0.10845934358533176,1.004091325071436,0.408419513818376,0.7435897435897436,39.0,1002.2105184442836,10.013078525995269
fade,1h,1,1740873600000,1756425600000,1761609600000,"{""n"": 60, ""k_stop"": 1.5, ""tp_k"": 2.5, ""hold"": 8, ""er_max"": 1.0}",1.08227187823742,53.0,-0.036181614687368156,0.9498638680162801,-0.2773093490183496,0.8670030168452523,-1.9176255784305123,0.4716981132075472,53.0,855.921452615405,8.604186916613104
fade,1h,2,1746057600000,1761609600000,1766793600000,"{""n"": 20, ""k_stop"": 1.5, ""tp_k"": 1.0, ""hold"": 24, ""er_max"": 0.3}",0.5063844896757945,79.0,-0.04430884914125781,0.7816224730281133,-0.5038566304897444,0.872924959823358,-3.500399082159367,0.5949367088607594,79.0,674.4802668964358,6.7756536080804475
fade,1h,3,1751241600000,1766793600000,1771977600000,"{""n"": 40, ""k_stop"": 1.0, ""tp_k"": 1.5, ""hold"": 24, ""er_max"": 0.3}",0.4449160846167476,52.0,-0.2590249951158868,1.0889762323166676,-1.7152401931313386,0.5542566025860267,-13.469299746026113,0.3269230769230769,46.0,314.08403998554354,3.038301243658517
fade,1h,4,1756425600000,1771977600000,1775088000000,null,0.0,,,,,,,,,314.08403998554354,3.038301243658517
pullback,15m,0,1735689600000,1751241600000,1756425600000,"{""trend_n"": 200, ""rsi_in"": 5.0, ""k_stop"": 3.5, ""exit_rsi"": 70.0}",0.4800821855649842,105.0,-0.013700568933023433,0.4129124757614766,-0.3318032207129948,0.8867098183575,-1.4385597379674604,0.6095238095238096,105.0,909.0907088604761,9.077133745635633
pullback,15m,1,1740873600000,1756425600000,1761609600000,"{""trend_n"": 200, ""rsi_in"": 5.0, ""k_stop"": 3.5, ""exit_rsi"": 70.0}",0.02006184741281463,98.0,-0.12400990037237626,0.4352266971888663,-2.8206803230485753,0.3986777708985108,-12.152970236492873,0.5,91.0,480.1140998799665,4.984271761143816
pullback,15m,2,1746057600000,1761609600000,1766793600000,null,0.0,,,,,,,,,480.1140998799665,4.984271761143816
pullback,15m,3,1751241600000,1766793600000,1771977600000,null,0.0,,,,,,,,,480.1140998799665,4.984271761143816
pullback,15m,4,1756425600000,1771977600000,1775088000000,null,0.0,,,,,,,,,480.1140998799665,4.984271761143816
pullback,30m,0,1735689600000,1751241600000,1756425600000,"{""trend_n"": 100, ""rsi_in"": 10.0, ""k_stop"": 2.5, ""exit_rsi"": 70.0}",0.8768199738153624,84.0,-0.009281962418407855,0.5342178809155662,-0.15924324849325708,0.9291398562757388,-0.7796848431462597,0.6071428571428571,84.0,932.1658411602981,9.296531805912823
pullback,30m,1,1740873600000,1756425600000,1761609600000,"{""trend_n"": 100, ""rsi_in"": 10.0, ""k_stop"": 3.5, ""exit_rsi"": 70.0}",0.6316931467022575,103.0,-0.015298273554692628,0.3841882247688185,-0.3981973566185745,0.8642928245659872,-1.5757221761333406,0.6310679611650486,101.0,844.7098093552586,8.32077244597411
pullback,30m,2,1746057600000,1761609600000,1766793600000,"{""trend_n"": 100, ""rsi_in"": 10.0, ""k_stop"": 3.5, ""exit_rsi"": 70.0}",0.05730209658763227,93.0,-0.042534546323232135,0.4106447494650595,-0.9988884809872123,0.7434955442315769,-3.9557128080605883,0.6451612903225806,91.0,678.5815454643823,6.595344659858921
pullback,30m,3,1751241600000,1766793600000,1771977600000,null,0.0,,,,,,,,,678.5815454643823,6.595344659858921
pullback,30m,4,1756425600000,1771977600000,1775088000000,null,0.0,,,,,,,,,678.5815454643823,6.595344659858921
pullback,1h,0,1735689600000,1751241600000,1756425600000,"{""trend_n"": 200, ""rsi_in"": 20.0, ""k_stop"": 3.5, ""exit_rsi"": 50.0}",1.5760892870245429,114.0,-0.016331204109595016,0.2993876512826251,-0.5454868976602574,0.8288773857240915,-1.861757268493832,0.6140350877192983,111.0,898.554859709655,8.761736145343619
pullback,1h,1,1740873600000,1756425600000,1761609600000,"{""trend_n"": 200, ""rsi_in"": 10.0, ""k_stop"": 3.5, ""exit_rsi"": 50.0}",1.026065895190976,67.0,0.002310214075071996,0.23160600787691815,0.08164691994112072,1.0116090583442878,0.15478434302982375,0.5970149253731343,60.0,901.3535903240794,8.738353911970252
pullback,1h,2,1746057600000,1761609600000,1766793600000,"{""trend_n"": 100, ""rsi_in"": 10.0, ""k_stop"": 3.5, ""exit_rsi"": 70.0}",0.6143720796063317,49.0,-0.01798272502327444,0.44810307079494316,-0.28091544862571294,0.8736309386390984,-0.8811535261404475,0.673469387755102,47.0,851.8990436488434,8.325295616795668
pullback,1h,3,1751241600000,1766793600000,1771977600000,"{""trend_n"": 200, ""rsi_in"": 10.0, ""k_stop"": 3.5, ""exit_rsi"": 50.0}",0.06337432210767352,62.0,0.021656612373764123,0.30509768987492264,0.5589171665814586,1.2043794257538878,1.3427099671733755,0.6935483870967742,51.0,904.756890481043,9.290079153318455
pullback,1h,4,1756425600000,1771977600000,1775088000000,"{""trend_n"": 200, ""rsi_in"": 5.0, ""k_stop"": 3.5, ""exit_rsi"": 50.0}",0.4098573232793042,15.0,-0.1361462437241336,0.4911030107626772,-1.0736894766199598,0.43633048466351965,-2.042193655862004,0.6,15.0,812.6598559564911,8.347922045498334
shock,15m,0,1735689600000,1751241600000,1756425600000,"{""k_sig"": 3.5, ""v_mult"": 3.0, ""k_stop"": 3.5, ""r_tp"": 0.5}",0.5751129446565596,31.0,0.1081999124535197,0.3510598706048799,1.7160366850874729,2.0993915178318705,3.3541972860591107,0.7419354838709677,31.0,1177.52769035084,11.742912231573674
shock,15m,1,1740873600000,1756425600000,1761609600000,"{""k_sig"": 2.5, ""v_mult"": 1.5, ""k_stop"": 3.5, ""r_tp"": 0.5}",0.13467799764936156,117.0,-0.07648970026312261,0.45368764048404836,-1.6859551250176052,0.6227004651691557,-8.949294930785346,0.7008547008547008,114.0,727.2609367189681,7.616091044430165
shock,15m,2,1746057600000,1761609600000,1766793600000,null,0.0,,,,,,,,,727.2609367189681,7.616091044430165
shock,15m,3,1751241600000,1766793600000,1771977600000,null,0.0,,,,,,,,,727.2609367189681,7.616091044430165
shock,15m,4,1756425600000,1771977600000,1775088000000,null,0.0,,,,,,,,,727.2609367189681,7.616091044430165
shock,30m,0,1735689600000,1751241600000,1756425600000,"{""k_sig"": 2.5, ""v_mult"": 1.5, ""k_stop"": 3.5, ""r_tp"": 0.5}",0.4914103127489952,56.0,0.002059748417328864,0.38061041484431496,0.04049743559301655,0.9884407864858247,0.11534591137041639,0.6964285714285714,56.0,995.1616096741259,9.91937294609548
shock,30m,1,1740873600000,1756425600000,1761609600000,"{""k_sig"": 2.5, ""v_mult"": 3.0, ""k_stop"": 3.5, ""r_tp"": 0.5}",0.5546768849405661,33.0,-0.08736959935320204,0.4883821221081163,-1.0276791761355437,0.5964622831932942,-2.8831967786556674,0.6666666666666666,30.0,852.1006990181578,8.199293853560764
shock,30m,2,1746057600000,1761609600000,1766793600000,null,0.0,,,,,,,,,852.1006990181578,8.199293853560764
shock,30m,3,1751241600000,1766793600000,1771977600000,"{""k_sig"": 2.5, ""v_mult"": 3.0, ""k_stop"": 2.5, ""r_tp"": 1.0}",0.10082144253789879,38.0,0.006678962013085058,0.6549284467300059,0.06286471012875776,0.9845184761696848,0.2538005564972322,0.5789473684210527,38.0,845.1053090919462,8.141705624404132
shock,30m,4,1756425600000,1771977600000,1775088000000,"{""k_sig"": 2.5, ""v_mult"": 1.5, ""k_stop"": 2.5, ""r_tp"": 1.0}",0.24625368547261878,31.0,-0.025827510690957116,0.6902737851434371,-0.20832530033838798,0.8777318007662135,-0.8006528314196706,0.5483870967741935,31.0,796.8730020817782,7.700639915811197
shock,1h,0,1735689600000,1751241600000,1756425600000,null,0.0,,,,,,,,,1000.0,10.0
shock,1h,1,1740873600000,1756425600000,1761609600000,null,0.0,,,,,,,,,1000.0,10.0
shock,1h,2,1746057600000,1761609600000,1766793600000,null,0.0,,,,,,,,,1000.0,10.0
shock,1h,3,1751241600000,1766793600000,1771977600000,null,0.0,,,,,,,,,1000.0,10.0
shock,1h,4,1756425600000,1771977600000,1775088000000,null,0.0,,,,,,,,,1000.0,10.0
