family,tf,fold,train_start,test_start,test_end,params,train_score,equity_ref_end,equity_real_end,oos_trades,oos_mean_r,oos_std_r,oos_sqn,oos_pf,oos_total_r,oos_win_rate,oos_real_trades
donchian,1h,0,1735689600000,1751241600000,1756425600000,null,0.0,1000.0,10.0,,,,,,,,
donchian,1h,1,1740873600000,1756425600000,1761609600000,"{""n"": 40, ""k_stop"": 3.5, ""k_trail"": 4.0, ""er_min"": 0.2}",0.23341968871140892,971.7611434218652,9.730341078992547,16.0,-0.015523006582003049,0.9475691120240225,-0.06552770192707386,0.9061186145053568,-0.24836810531204878,0.3125,16.0
donchian,1h,2,1746057600000,1761609600000,1766793600000,"{""n"": 100, ""k_stop"": 3.5, ""k_trail"": 4.0, ""er_min"": 0.2}",0.6524935624771324,959.6423735304446,9.544585846391197,8.0,-0.021349645233083997,0.6758018689909155,-0.08935446682195357,0.882327941020986,-0.17079716186467198,0.375,8.0
donchian,1h,3,1751241600000,1766793600000,1771977600000,"{""n"": 60, ""k_stop"": 3.5, ""k_trail"": 4.0, ""er_min"": 0.2}",0.24834054481906612,1064.823973359872,11.050865907400098,12.0,0.2054154381215303,1.2193301558787542,0.5835826724536283,1.584500704993339,2.4649852574583635,0.5,11.0
donchian,1h,4,1756425600000,1771977600000,1775088000000,"{""n"": 40, ""k_stop"": 2.5, ""k_trail"": 3.0, ""er_min"": 0.2}",0.4465896698689227,794.8922959514548,8.284070376637342,13.0,-0.4193712281897017,1.029799137050358,-1.4683100929985895,0.3288454564911933,-5.451825966466122,0.23076923076923078,13.0
donchian,4h,0,1735689600000,1751241600000,1756425600000,"{""n"": 60, ""k_stop"": 2.5, ""k_trail"": 2.0, ""er_min"": 0.0}",0.6977720575541189,926.3638493469291,9.030901815369553,10.0,-0.14178184638061622,0.6898564155385228,-0.6499230206866298,0.5719705766359393,-1.4178184638061622,0.2,10.0
donchian,4h,1,1740873600000,1756425600000,1761609600000,"{""n"": 40, ""k_stop"": 1.5, ""k_trail"": 2.0, ""er_min"": 0.0}",0.3792950623395753,964.7097172949427,9.718996362056908,12.0,0.10516529277610398,1.3137464880656011,0.2773010347670253,1.1489398656179308,1.2619835133132478,0.3333333333333333,11.0
donchian,4h,2,1746057600000,1761609600000,1766793600000,"{""n"": 20, ""k_stop"": 1.5, ""k_trail"": 4.0, ""er_min"": 0.0}",0.6872940600309566,956.0310103191098,9.624831008915166,8.0,0.02597032735965127,1.5274765836003052,0.04808923366238443,0.961547067075525,0.20776261887721015,0.375,8.0
donchian,4h,3,1751241600000,1766793600000,1771977600000,"{""n"": 20, ""k_stop"": 2.5, ""k_trail"": 3.0, ""er_min"": 0.0}",0.24040994640231458,915.790773776301,9.976106184959717,13.0,-0.03389942777436582,1.2273992658489117,-0.09958139005796801,0.836141420527105,-0.4406925610667556,0.3076923076923077,11.0
donchian,4h,4,1756425600000,1771977600000,1775088000000,"{""n"": 20, ""k_stop"": 2.5, ""k_trail"": 3.0, ""er_min"": 0.0}",0.9204835422197896,901.7753825650858,9.813973604180637,7.0,-0.001413404338782739,1.4532498248218348,-0.002573209587592601,0.9182709572104942,-0.009893830371479173,0.2857142857142857,7.0
momentum,1h,0,1735689600000,1751241600000,1756425600000,"{""L"": 12, ""z_in"": 1.0, ""k_stop"": 2.0, ""er_min"": 0.25}",0.38478542488156114,932.968203992437,9.333295394995206,12.0,-0.09649859416106105,0.9027247905982516,-0.37030215562189267,0.7219872589884296,-1.1579831299327326,0.3333333333333333,12.0
momentum,1h,1,1740873600000,1756425600000,1761609600000,"{""L"": 48, ""z_in"": 1.5, ""k_stop"": 2.0, ""er_min"": 0.25}",0.3077317642171616,1161.9061704619028,11.630815347860883,11.0,0.527810315068545,2.537843709404413,0.6897780068467864,1.777348783195895,5.805913465753996,0.2727272727272727,11.0
momentum,1h,2,1746057600000,1761609600000,1766793600000,"{""L"": 48, ""z_in"": 1.5, ""k_stop"": 2.0, ""er_min"": 0.25}",1.1491258304908663,1069.002486769457,10.701826489732964,7.0,-0.21305549209566524,1.0266425339069594,-0.5490634071008625,0.5961119856406901,-1.4913884446696566,0.2857142857142857,7.0
momentum,1h,3,1751241600000,1766793600000,1771977600000,"{""L"": 48, ""z_in"": 1.5, ""k_stop"": 3.0, ""er_min"": 0.25}",0.9024439451841978,1225.1742527111187,12.259972528252344,9.0,0.34721407611702493,1.428754491891112,0.7290561354402799,1.7110685630520115,3.1249266850532242,0.5555555555555556,9.0
momentum,1h,4,1756425600000,1771977600000,1775088000000,"{""L"": 48, ""z_in"": 1.0, ""k_stop"": 3.0, ""er_min"": 0.25}",1.1760338615248767,1247.169524895468,12.477740466200144,3.0,0.13331951420656152,0.9269223797058017,0.24912136906162125,1.4419286676121676,0.39995854261968455,0.6666666666666666,3.0
momentum,4h,0,1735689600000,1751241600000,1756425600000,"{""L"": 12, ""z_in"": 1.0, ""k_stop"": 2.0, ""er_min"": 0.0}",0.044524541270472257,893.4741760741207,8.9335569192363,15.0,-0.12057184836895397,1.1356669897322058,-0.41118810793692123,0.710937420926058,-1.8085777255343096,0.26666666666666666,15.0
momentum,4h,1,1740873600000,1756425600000,1761609600000,"{""L"": 24, ""z_in"": 1.0, ""k_stop"": 2.0, ""er_min"": 0.0}",0.301722812163009,1052.5047130328812,10.963046982340181,10.0,0.3690980479518422,1.3581704319784762,0.8593844218428437,1.7995595380664495,3.690980479518422,0.5,9.0
momentum,4h,2,1746057600000,1761609600000,1766793600000,"{""L"": 12, ""z_in"": 1.0, ""k_stop"": 3.0, ""er_min"": 0.0}",0.927204727392412,1118.1602802194373,11.643123455057589,10.0,0.12478735798121514,0.40316454289409714,0.9787871512279475,2.2630936982505654,1.2478735798121514,0.6,4.0
momentum,4h,3,1751241600000,1766793600000,1771977600000,"{""L"": 12, ""z_in"": 1.0, ""k_stop"": 3.0, ""er_min"": 0.0}",0.8955145875758067,1236.2677111318362,13.27252988528919,12.0,0.18436904631443954,0.8752193902839641,0.7297291607216798,1.8621754620211604,2.2124285557732746,0.5,9.0
momentum,4h,4,1756425600000,1771977600000,1775088000000,"{""L"": 12, ""z_in"": 1.0, ""k_stop"": 2.0, ""er_min"": 0.0}",0.6017734412139357,1160.3345052830077,12.46812479357837,11.0,-0.10394399980081827,0.6899886602395745,-0.4996361047852446,0.6480828795479744,-1.143383997809001,0.36363636363636365,11.0
meanrev,1h,0,1735689600000,1751241600000,1756425600000,"{""n"": 20, ""z_in"": 2.5, ""k_stop"": 1.5, ""er_max"": 0.3}",1.0394310840103196,866.7466034758354,8.677436533497913,15.0,-0.16601412622553013,0.9572544121770542,-0.671681360699469,0.6750692967694722,-2.490211893382952,0.4,15.0
meanrev,1h,1,1740873600000,1756425600000,1761609600000,"{""n"": 20, ""z_in"": 2.5, ""k_stop"": 1.5, ""er_max"": 0.2}",0.17034369327976334,697.350759384074,6.998904821590867,6.0,-0.6904050972160274,0.8174404150145107,-2.0688238224260806,0.18429280207175813,-4.142430583296164,0.16666666666666666,6.0
meanrev,1h,2,1746057600000,1761609600000,1766793600000,"{""n"": 100, ""z_in"": 3.0, ""k_stop"": 3.5, ""er_max"": 0.3}",0.3154739567615938,596.0478360502125,6.6527198359077415,3.0,-1.0177621260873073,0.01265253960525646,-139.3250499425571,0.0,-3.053286378261922,0.0,1.0
meanrev,1h,3,1751241600000,1766793600000,1771977600000,"{""n"": 100, ""z_in"": 2.5, ""k_stop"": 2.5, ""er_max"": 0.2}",0.8197386368342878,556.4400274044256,6.54477813382839,6.0,-0.19468646133699893,1.2602079608145136,-0.3784157098924434,0.6656826893058526,-1.1681187680219935,0.3333333333333333,5.0
meanrev,1h,4,1756425600000,1771977600000,1775088000000,null,0.0,556.4400274044256,6.54477813382839,,,,,,,,
meanrev,4h,0,1735689600000,1751241600000,1756425600000,null,0.0,1000.0,10.0,,,,,,,,
meanrev,4h,1,1740873600000,1756425600000,1761609600000,null,0.0,1000.0,10.0,,,,,,,,
meanrev,4h,2,1746057600000,1761609600000,1766793600000,null,0.0,1000.0,10.0,,,,,,,,
meanrev,4h,3,1751241600000,1766793600000,1771977600000,null,0.0,1000.0,10.0,,,,,,,,
meanrev,4h,4,1756425600000,1771977600000,1775088000000,null,0.0,1000.0,10.0,,,,,,,,
squeeze,1h,0,1735689600000,1751241600000,1756425600000,"{""n"": 40, ""p"": 0.15, ""k_stop"": 1.5, ""k_trail"": 4.0}",0.7314329570817866,628.5563447821258,6.317084335373292,12.0,-0.7414498091362925,0.6793808316057026,-3.78058573613582,0.10551102712768616,-8.897397709635511,0.08333333333333333,12.0
squeeze,1h,1,1740873600000,1756425600000,1761609600000,"{""n"": 40, ""p"": 0.15, ""k_stop"": 2.5, ""k_trail"": 4.0}",0.4354556440514908,642.4345873022588,6.492944615912823,15.0,0.07510723355943381,1.451761966012591,0.2003696691092919,1.0624599722660173,1.1266085033915072,0.4,15.0
squeeze,1h,2,1746057600000,1761609600000,1766793600000,"{""n"": 40, ""p"": 0.15, ""k_stop"": 2.5, ""k_trail"": 4.0}",0.7065829538924383,592.0606217700598,6.044869122099322,13.0,-0.10256720799327473,0.9856864232110127,-0.375181517055109,0.7496388194061393,-1.3333737039125715,0.38461538461538464,11.0
squeeze,1h,3,1751241600000,1766793600000,1771977600000,null,0.0,592.0606217700598,6.044869122099322,,,,,,,,
squeeze,1h,4,1756425600000,1771977600000,1775088000000,"{""n"": 20, ""p"": 0.3, ""k_stop"": 1.5, ""k_trail"": 3.0}",0.17791175647438084,603.0124224053483,6.160552945843926,17.0,0.08148562891322596,1.67585624882966,0.20047892246948004,1.039234246488548,1.3852556915248413,0.29411764705882354,17.0
squeeze,4h,0,1735689600000,1751241600000,1756425600000,"{""n"": 20, ""p"": 0.3, ""k_stop"": 1.5, ""k_trail"": 2.0}",1.0537062051207295,955.5739029619508,9.599628240246584,12.0,-0.0373626337010969,1.3212631170675506,-0.09795774821674143,0.8599794994821307,-0.44835160441316285,0.3333333333333333,12.0
squeeze,4h,1,1740873600000,1756425600000,1761609600000,"{""n"": 20, ""p"": 0.15, ""k_stop"": 1.5, ""k_trail"": 2.0}",1.308280874481607,828.8240745385237,8.339279672413108,4.0,-0.6943937202029126,0.2267488171897268,-6.124783615712489,0.0,-2.7775748808116503,0.0,4.0
squeeze,4h,2,1746057600000,1761609600000,1766793600000,"{""n"": 40, ""p"": 0.3, ""k_stop"": 1.5, ""k_trail"": 2.0}",1.6211156706562992,838.3145470494487,8.428883474599257,3.0,0.08943646297469547,0.8931686095271303,0.1734370154403863,1.2571730288820142,0.2683093889240864,0.6666666666666666,3.0
squeeze,4h,3,1751241600000,1766793600000,1771977600000,null,0.0,838.3145470494487,8.428883474599257,,,,,,,,
squeeze,4h,4,1756425600000,1771977600000,1775088000000,null,0.0,838.3145470494487,8.428883474599257,,,,,,,,
